"./streams input 2 1 1",0.20,0.00,0:00.65,112,3,144,34632,0
"./streams input 2 2 1",0.38,0.02,0:01.43,113,3,65,66864,0
"./streams input 2 4 1",0.72,0.04,0:02.01,116,3,74,132728,0
"./streams input 2 8 1",1.48,0.05,0:04.64,120,3,152,263792,0
"./streams input 2 10 1",1.84,0.08,0:05.31,123,3,183,329064,0
"./streams input 2 14 1",2.59,0.09,0:09.52,132,3,265,460408,0
"./streams input 2 18 1",3.30,0.14,0:16.06,132,3,366,591480,0
"./streams input 2 22 1",4.04,0.20,0:21.70,137,3,432,722288,0
"./streams input 2 30 1",5.56,0.26,0:31.43,148,3,461,984696,0
"./streams input 3 1 44",0.09,0.00,0:00.75,112,3,142,34456,0
"./streams input 3 2 44",0.10,0.07,0:01.16,112,3,163,67096,0
"./streams input 3 4 44",0.25,0.06,0:02.27,112,3,215,132704,0
"./streams input 3 8 44",0.42,0.20,0:03.75,115,3,269,263792,0
"./streams input 3 10 44",0.58,0.21,0:04.97,114,3,341,329064,0
"./streams input 3 14 44",0.74,0.36,0:09.68,112,3,444,460416,0
"./streams input 3 18 44",1.04,0.55,0:16.78,112,3,490,591496,0
"./streams input 3 22 44",1.14,0.74,0:21.71,112,3,506,722288,0
"./streams input 3 30 44",1.61,1.06,0:30.45,113,3,547,984704,0
"./streams input 3 1 64",0.06,0.03,0:00.54,115,3,142,34376,0
"./streams input 3 2 64",0.12,0.03,0:01.03,112,3,172,67088,0
"./streams input 3 4 64",0.22,0.08,0:02.13,112,3,210,131912,0
"./streams input 3 8 64",0.45,0.12,0:03.92,114,3,287,263752,0
"./streams input 3 10 64",0.52,0.20,0:04.85,112,3,349,329312,0
"./streams input 3 14 64",0.78,0.26,0:10.65,114,3,437,460352,0
"./streams input 3 18 64",0.94,0.48,0:16.43,115,3,483,591496,0
"./streams input 3 22 64",1.16,0.54,0:21.43,113,3,474,722536,0
"./streams input 3 30 64",1.64,0.71,0:30.56,114,3,538,984688,0
"./streams input 3 1 88",0.06,0.02,0:00.56,112,3,145,34432,0
"./streams input 3 2 88",0.12,0.04,0:01.34,111,3,170,67144,0
"./streams input 3 4 88",0.23,0.06,0:01.92,113,3,219,132464,0
"./streams input 3 8 88",0.47,0.09,0:04.06,111,3,369,263768,0
"./streams input 3 10 88",0.49,0.19,0:04.94,114,3,329,329312,0
"./streams input 3 14 88",0.72,0.26,0:10.09,113,3,451,460344,0
"./streams input 3 18 88",0.98,0.35,0:17.02,113,3,528,591504,0
"./streams input 3 22 88",1.18,0.48,0:22.09,113,3,519,722560,0
"./streams input 3 30 88",1.63,0.58,0:30.76,114,3,536,984696,0
"./streams input 3 1 128",0.06,0.02,0:00.60,111,3,143,34432,0
"./streams input 3 2 128",0.11,0.03,0:01.04,114,3,178,67160,0
"./streams input 3 4 128",0.21,0.06,0:02.52,115,3,229,131920,0
"./streams input 3 8 128",0.42,0.10,0:03.90,112,3,310,263760,0
"./streams input 3 10 128",0.56,0.11,0:04.96,114,3,393,329272,0
"./streams input 3 14 128",0.76,0.19,0:10.20,113,3,432,460368,0
"./streams input 3 18 128",0.91,0.35,0:16.19,114,3,500,591488,0
"./streams input 3 22 128",1.14,0.42,0:21.90,115,3,482,722552,0
"./streams input 3 30 128",1.60,0.49,0:30.86,118,3,533,984704,0
"./streams input 3 1 180",0.06,0.01,0:00.55,111,3,143,34424,0
"./streams input 3 2 180",0.12,0.01,0:01.34,111,3,176,67176,0
"./streams input 3 4 180",0.24,0.02,0:01.91,114,3,232,132464,0
"./streams input 3 8 180",0.43,0.11,0:04.24,114,3,407,263504,0
"./streams input 3 10 180",0.53,0.12,0:04.82,115,3,364,329288,0
"./streams input 3 14 180",0.74,0.17,0:09.82,116,3,421,460352,0
"./streams input 3 18 180",0.93,0.26,0:16.75,116,3,496,591472,0
"./streams input 3 22 180",1.19,0.30,0:21.19,119,3,494,722544,0
"./streams input 3 30 180",1.65,0.40,0:44.06,116,3,604,984656,0
"./streams input 3 1 256",0.06,0.01,0:01.37,113,3,137,34424,0
"./streams input 3 2 256",0.10,0.03,0:02.62,113,3,177,67200,0
"./streams input 3 4 256",0.24,0.02,0:02.78,114,3,235,132736,0
"./streams input 3 8 256",0.42,0.10,0:03.88,114,3,375,263752,0
"./streams input 3 10 256",0.60,0.08,0:05.23,114,3,419,329312,0
"./streams input 3 14 256",0.74,0.16,0:09.51,115,3,443,460384,0
"./streams input 3 18 256",0.95,0.20,0:17.24,116,3,506,591408,0
"./streams input 3 22 256",1.09,0.30,0:24.47,119,3,568,722512,0
"./streams input 3 30 256",1.56,0.31,0:30.83,120,3,552,984704,0
"./streams input 3 1 360",0.07,0.00,0:00.57,113,3,140,34432,0
"./streams input 3 2 360",0.11,0.02,0:01.11,110,3,181,66896,0
"./streams input 3 4 360",0.23,0.02,0:02.06,115,3,234,132440,0
"./streams input 3 8 360",0.41,0.08,0:03.87,117,3,271,263768,0
"./streams input 3 10 360",0.56,0.08,0:04.93,118,3,401,329336,0
"./streams input 3 14 360",0.75,0.16,0:09.46,115,3,444,460360,0
"./streams input 3 18 360",0.95,0.19,0:16.55,119,3,482,591440,0
"./streams input 3 22 360",1.06,0.31,0:22.05,118,3,484,722520,0
"./streams input 3 30 360",1.59,0.29,0:29.65,123,3,555,984680,0
"./streams input 3 1 512",0.06,0.01,0:00.59,111,3,144,34376,0
"./streams input 3 2 512",0.11,0.02,0:01.09,112,3,182,66648,0
"./streams input 3 4 512",0.21,0.04,0:02.05,113,3,238,132488,0
"./streams input 3 8 512",0.41,0.07,0:03.65,117,3,337,263784,0
"./streams input 3 10 512",0.53,0.08,0:04.84,117,3,343,329064,0
"./streams input 3 14 512",0.76,0.11,0:10.26,121,3,458,460376,0
"./streams input 3 18 512",0.98,0.15,0:16.33,120,3,527,591440,0
"./streams input 3 22 512",1.14,0.21,0:21.26,122,3,485,722544,0
"./streams input 3 30 512",1.56,0.29,0:30.09,130,3,551,984696,0
"./streams input 3 1 724",0.06,0.01,0:00.54,115,3,144,34432,0
"./streams input 3 2 724",0.12,0.02,0:00.96,114,3,172,66616,0
"./streams input 3 4 724",0.22,0.02,0:02.15,114,3,231,132200,0
"./streams input 3 8 724",0.41,0.08,0:03.64,117,3,311,263544,0
"./streams input 3 10 724",0.52,0.10,0:04.89,119,3,444,329328,0
"./streams input 3 14 724",0.74,0.11,0:09.66,122,3,447,460400,0
"./streams input 3 18 724",0.93,0.16,0:17.53,123,3,518,591200,0
"./streams input 3 22 724",1.08,0.26,0:21.72,128,3,488,722560,0
"./streams input 3 30 724",1.56,0.28,0:29.72,135,3,539,984680,0
"./streams input 3 1 1024",0.07,0.00,0:00.55,112,3,143,34424,0
"./streams input 3 2 1024",0.11,0.02,0:00.92,113,3,173,66592,0
"./streams input 3 4 1024",0.22,0.02,0:01.97,115,3,240,132136,0
"./streams input 3 8 1024",0.44,0.05,0:03.77,120,3,281,263800,0
"./streams input 3 10 1024",0.52,0.08,0:05.23,123,3,354,329360,0
"./streams input 3 14 1024",0.72,0.12,0:10.29,125,3,448,460416,0
"./streams input 3 18 1024",0.95,0.15,0:15.95,132,3,501,591480,0
"./streams input 3 22 1024",1.17,0.20,0:21.78,133,3,489,722264,0
"./streams input 3 30 1024",1.56,0.30,0:30.50,143,3,558,984392,0
"./streams input 3 1 1448",0.07,0.00,0:00.56,113,3,144,34432,0
"./streams input 3 2 1448",0.12,0.01,0:01.06,112,3,175,66832,0
"./streams input 3 4 1448",0.22,0.03,0:02.22,118,3,233,132472,0
"./streams input 3 8 1448",0.40,0.10,0:04.18,121,3,387,263528,0
"./streams input 3 10 1448",0.54,0.08,0:04.97,125,3,391,329000,0
"./streams input 3 14 1448",0.73,0.14,0:09.88,132,3,431,460320,0
"./streams input 3 18 1448",0.92,0.17,0:19.09,136,3,495,591448,0
"./streams input 3 22 1448",1.16,0.18,0:21.49,143,3,498,722560,0
"./streams input 3 30 1448",1.56,0.29,0:29.84,153,3,530,984432,0
"./streams input 3 1 2048",0.08,0.00,0:00.53,113,3,143,34352,0
"./streams input 3 2 2048",0.11,0.02,0:01.04,117,3,178,66592,0
"./streams input 3 4 2048",0.24,0.01,0:02.25,120,3,221,132424,0
"./streams input 3 8 2048",0.40,0.08,0:03.80,130,3,353,263768,0
"./streams input 3 10 2048",0.54,0.08,0:05.39,134,3,395,329328,0
"./streams input 3 14 2048",0.75,0.10,0:10.07,140,3,462,460392,0
"./streams input 3 18 2048",0.94,0.17,0:16.10,148,3,490,591472,0
"./streams input 3 22 2048",1.10,0.23,0:22.00,156,3,476,722520,0
"./streams input 3 30 2048",1.61,0.21,0:29.48,174,3,521,984656,0
"./streams input 3 1 2896",0.07,0.00,0:00.54,113,3,142,34424,0
"./streams input 3 2 2896",0.12,0.01,0:01.48,117,3,170,66592,0
"./streams input 3 4 2896",0.23,0.02,0:01.90,124,3,237,132424,0
"./streams input 3 8 2896",0.41,0.06,0:04.92,135,3,355,263528,0
"./streams input 3 10 2896",0.53,0.10,0:04.84,142,3,389,329344,0
"./streams input 3 14 2896",0.73,0.12,0:10.47,150,3,448,460400,0
"./streams input 3 18 2896",0.94,0.16,0:16.85,162,3,491,591504,0
"./streams input 3 22 2896",1.16,0.20,0:21.37,176,3,513,722520,0
"./streams input 3 30 2896",1.62,0.26,0:29.84,199,3,544,984664,0
"./streams input 3 1 4096",0.07,0.00,0:00.54,115,3,143,34432,0
"./streams input 3 2 4096",0.13,0.01,0:01.20,120,3,174,66600,0
"./streams input 3 4 4096",0.22,0.03,0:01.82,127,3,238,132456,0
"./streams input 3 8 4096",0.43,0.05,0:04.11,145,3,301,263504,0
"./streams input 3 10 4096",0.56,0.09,0:05.11,152,3,373,329344,0
"./streams input 3 14 4096",0.71,0.15,0:09.91,167,3,423,460432,0
"./streams input 3 18 4096",1.04,0.11,0:16.70,184,3,481,591496,0
"./streams input 3 22 4096",1.24,0.19,0:21.93,199,3,493,722304,0
"./streams input 3 30 4096",1.62,0.31,0:29.93,230,3,516,984704,0
"./streams input 3 1 5792",0.08,0.00,0:00.71,117,3,140,34432,0
"./streams input 3 2 5792",0.11,0.02,0:01.06,124,3,183,67144,0
"./streams input 3 4 5792",0.22,0.03,0:01.87,135,3,225,132456,0
"./streams input 3 8 5792",0.45,0.03,0:04.04,156,3,266,263504,0
"./streams input 3 10 5792",0.52,0.09,0:05.83,168,3,345,329328,0
"./streams input 3 14 5792",0.72,0.14,0:10.14,192,3,427,460408,0
"./streams input 3 18 5792",0.94,0.17,0:16.49,215,3,481,591488,0
"./streams input 3 22 5792",1.18,0.20,0:21.64,237,3,457,722280,0
"./streams input 3 30 5792",1.60,0.28,0:30.23,283,3,511,984720,0
"./streams input 3 1 8192",0.07,0.00,0:00.54,122,3,143,34432,0
"./streams input 3 2 8192",0.14,0.00,0:01.02,130,3,190,66936,0
"./streams input 3 4 8192",0.21,0.03,0:02.18,143,3,236,132168,0
"./streams input 3 8 8192",0.44,0.06,0:03.72,180,3,315,263776,0
"./streams input 3 10 8192",0.54,0.10,0:04.98,193,3,384,329320,0
"./streams input 3 14 8192",0.76,0.14,0:09.85,224,3,412,460336,0
"./streams input 3 18 8192",1.04,0.16,0:16.42,254,3,481,591480,0
"./streams input 3 22 8192",1.29,0.19,0:21.45,287,3,480,722560,0
"./streams input 3 30 8192",1.84,0.23,0:29.83,355,3,474,984616,0
"./streams input 3 1 11584",0.06,0.00,0:00.68,125,3,137,34408,0
"./streams input 3 2 11584",0.12,0.01,0:01.54,135,3,185,67176,0
"./streams input 3 4 11584",0.24,0.00,0:02.22,157,3,239,132760,0
"./streams input 3 8 11584",0.42,0.07,0:03.96,201,3,347,263744,0
"./streams input 3 10 11584",0.52,0.10,0:05.45,226,3,412,329328,0
"./streams input 3 14 11584",0.72,0.14,0:09.65,271,3,459,460368,0
"./streams input 3 18 11584",1.02,0.16,0:16.95,314,3,484,591432,0
"./streams input 3 22 11584",1.32,0.20,0:21.82,361,3,491,722560,0
"./streams input 3 30 11584",1.86,0.28,0:29.43,451,3,507,984432,0
"./streams input 3 1 16384",0.05,0.02,0:00.53,128,3,141,34360,0
"./streams input 3 2 16384",0.13,0.00,0:01.02,143,3,179,66616,0
"./streams input 3 4 16384",0.24,0.02,0:02.28,174,3,222,132400,0
"./streams input 3 8 16384",0.43,0.09,0:03.85,240,3,289,263536,0
"./streams input 3 10 16384",0.58,0.08,0:05.12,270,3,361,329288,0
"./streams input 3 14 16384",0.81,0.10,0:09.93,336,3,449,460368,0
"./streams input 3 18 16384",1.11,0.18,0:16.12,399,3,506,591184,0
"./streams input 3 22 16384",1.43,0.21,0:21.24,463,3,469,722528,0
"./streams input 3 30 16384",2.16,0.23,0:30.43,595,3,473,984672,0
"./streams input 3 1 23168",0.08,0.00,0:00.54,134,3,142,34368,0
"./streams input 3 2 23168",0.12,0.01,0:01.24,159,3,180,67032,0
"./streams input 3 4 23168",0.22,0.03,0:01.79,203,3,253,131928,0
"./streams input 3 8 23168",0.44,0.06,0:04.18,293,3,373,263536,0
"./streams input 3 10 23168",0.56,0.07,0:04.78,337,3,384,329064,0
"./streams input 3 14 23168",0.74,0.12,0:09.95,431,3,434,460400,0
"./streams input 3 18 23168",1.00,0.16,0:16.42,522,3,478,591440,0
"./streams input 3 22 23168",1.50,0.21,0:22.61,612,3,463,722544,0
"./streams input 3 30 23168",2.19,0.30,0:29.55,791,3,494,984704,0
"./streams input 3 1 32768",0.06,0.00,0:00.69,144,3,136,34400,0
"./streams input 3 2 32768",0.12,0.01,0:01.22,176,3,176,66672,0
"./streams input 3 4 32768",0.22,0.03,0:01.90,244,3,226,132456,0
"./streams input 3 8 32768",0.56,0.06,0:03.92,378,3,295,263528,0
"./streams input 3 10 32768",0.75,0.07,0:05.34,441,3,272,329064,0
"./streams input 3 14 32768",1.04,0.12,0:10.07,573,3,393,460416,0
"./streams input 3 18 32768",1.29,0.19,0:15.50,704,3,445,591232,0
"./streams input 3 22 32768",1.54,0.24,0:21.17,837,3,477,722512,0
"./streams input 3 30 32768",2.52,0.29,0:29.89,1103,3,476,984640,0
"./streams input 4 1 1",0.07,0.01,0:00.59,4208,4,141,34432,0
"./streams input 4 2 1",0.12,0.03,0:01.18,8302,5,170,67104,0
"./streams input 4 4 1",0.24,0.04,0:01.94,16495,7,226,132760,0
"./streams input 4 8 1",0.44,0.10,0:04.02,32872,11,340,263008,0
"./streams input 4 10 1",0.59,0.11,0:05.11,41061,13,336,329328,0
"./streams input 4 14 1",0.76,0.22,0:09.66,57442,17,435,460336,0
"./streams input 4 18 1",1.10,0.23,0:16.23,73824,21,471,591224,0
"./streams input 4 22 1",1.43,0.22,0:21.26,90201,25,480,722552,0
"./streams input 4 30 1",2.10,0.31,0:29.76,122962,33,473,984680,0
"./streams input 4 1 2",0.06,0.02,0:00.63,2161,4,137,34424,0
"./streams input 4 2 2",0.14,0.00,0:01.11,4211,5,183,67128,0
"./streams input 4 4 2",0.22,0.04,0:02.14,8303,7,222,132448,0
"./streams input 4 8 2",0.47,0.08,0:04.24,16489,11,343,263768,0
"./streams input 4 10 2",0.61,0.08,0:04.96,20586,13,353,329304,0
"./streams input 4 14 2",0.82,0.14,0:09.34,28770,17,398,460344,0
"./streams input 4 18 2",1.10,0.17,0:16.56,36960,21,490,591208,0
"./streams input 4 22 2",1.42,0.22,0:21.75,45146,25,475,722536,0
"./streams input 4 30 2",2.07,0.27,0:30.19,63571,33,517,984696,0
"./streams input 4 1 4",0.07,0.00,0:00.54,1137,4,142,34424,0
"./streams input 4 2 4",0.15,0.00,0:01.00,2165,5,170,67136,0
"./streams input 4 4 4",0.23,0.03,0:02.22,4211,7,221,131920,0
"./streams input 4 8 4",0.43,0.07,0:03.76,8296,11,300,263776,0
"./streams input 4 10 4",0.60,0.07,0:04.94,11369,13,373,329312,0
"./streams input 4 14 4",0.86,0.07,0:09.84,14435,17,418,460360,0
"./streams input 4 18 4",1.06,0.14,0:17.47,18529,21,474,591416,0
"./streams input 4 22 4",1.50,0.14,0:21.18,22618,25,463,722280,0
"./streams input 4 30 4",2.14,0.22,0:29.98,30802,33,507,984624,0
"./streams input 4 1 8",0.06,0.02,0:00.59,623,4,142,34432,0
"./streams input 4 2 8",0.13,0.01,0:01.00,1139,5,176,67104,0
"./streams input 4 4 8",0.24,0.02,0:01.96,2158,7,223,131920,0
"./streams input 4 8 8",0.47,0.05,0:03.88,4201,11,302,263760,0
"./streams input 4 10 8",0.63,0.05,0:04.75,5222,13,355,329272,0
"./streams input 4 14 8",0.84,0.10,0:09.65,7266,17,455,460416,0
"./streams input 4 18 8",1.14,0.12,0:16.03,9314,21,458,591464,0
"./streams input 4 22 8",1.42,0.19,0:21.34,11356,25,447,722248,0
"./streams input 4 30 8",2.12,0.24,0:29.58,15441,33,472,984704,0
"./streams input 4 1 16",0.06,0.01,0:00.50,370,4,140,34176,0
"./streams input 4 2 16",0.14,0.00,0:01.17,628,5,170,66392,0
"./streams input 4 4 16",0.21,0.04,0:02.13,1141,7,232,132456,0
"./streams input 4 8 16",0.45,0.06,0:04.19,2163,11,354,263800,0
"./streams input 4 10 16",0.60,0.07,0:05.14,2675,13,349,329272,0
"./streams input 4 14 16",0.83,0.08,0:14.26,3697,17,457,460408,0
"./streams input 4 18 16",1.11,0.10,0:16.07,4722,21,472,591488,0
"./streams input 4 22 16",1.43,0.14,0:21.26,6000,25,451,722536,0
"./streams input 4 30 16",2.08,0.22,0:30.12,8049,33,479,984696,0
"./streams input 4 1 32",0.08,0.00,0:00.61,496,4,141,34408,0
"./streams input 4 2 32",0.12,0.01,0:01.05,880,5,177,66896,0
"./streams input 4 4 32",0.21,0.04,0:01.90,1651,7,232,132448,0
"./streams input 4 8 32",0.43,0.08,0:04.01,3051,11,367,263512,0
"./streams input 4 10 32",0.60,0.08,0:05.28,3953,13,416,329064,0
"./streams input 4 14 32",0.86,0.09,0:09.77,5487,17,440,460336,0
"./streams input 4 18 32",1.06,0.14,0:16.17,7025,21,470,591448,0
"./streams input 4 22 32",1.40,0.15,0:22.38,8560,25,478,722552,0
"./streams input 4 30 32",2.09,0.18,0:29.37,11633,33,459,984704,0
"./streams input 4 1 64",0.06,0.00,0:00.60,497,4,138,34424,0
"./streams input 4 2 64",0.11,0.02,0:01.13,882,5,183,67128,0
"./streams input 4 4 64",0.21,0.04,0:02.20,1649,7,232,132736,0
"./streams input 4 8 64",0.44,0.04,0:03.83,3187,11,311,263800,0
"./streams input 4 10 64",0.61,0.05,0:05.46,3956,13,415,329064,0
"./streams input 4 14 64",0.83,0.11,0:09.50,5490,17,403,460416,0
"./streams input 4 18 64",1.09,0.12,0:16.28,7026,21,483,591240,0
"./streams input 4 22 64",1.40,0.18,0:22.19,8560,25,476,722280,0
"./streams input 4 30 64",2.17,0.18,0:29.97,11633,33,505,984656,0
"./streams input 4 1 128",0.08,0.00,0:00.56,497,4,141,34416,0
"./streams input 4 2 128",0.12,0.01,0:00.95,881,5,180,66840,0
"./streams input 4 4 128",0.22,0.02,0:02.14,1655,7,231,132432,0
"./streams input 4 8 128",0.46,0.04,0:03.81,3187,11,302,263744,0
"./streams input 4 10 128",0.57,0.08,0:04.82,3953,13,372,329320,0
"./streams input 4 14 128",0.82,0.08,0:10.10,5489,17,405,460352,0
"./streams input 4 18 128",1.13,0.07,0:16.82,7024,21,477,591208,0
"./streams input 4 22 128",1.43,0.15,0:21.47,8562,25,470,722560,0
"./streams input 4 30 128",2.13,0.20,0:29.53,11604,33,480,984656,0
"./streams input 4 1 256",0.07,0.00,0:00.54,495,4,141,34392,0
"./streams input 4 2 256",0.12,0.01,0:00.99,880,5,175,67064,0
"./streams input 4 4 256",0.22,0.04,0:02.34,1654,7,218,131920,0
"./streams input 4 8 256",0.44,0.06,0:03.96,3186,11,376,263544,0
"./streams input 4 10 256",0.58,0.08,0:05.13,3951,13,410,329072,0
"./streams input 4 14 256",0.83,0.09,0:10.21,5487,17,427,460424,0
"./streams input 4 18 256",1.14,0.12,0:15.63,7027,21,477,591440,0
"./streams input 4 22 256",1.52,0.14,0:22.08,8559,25,490,722496,0
"./streams input 4 30 256",2.30,0.16,0:29.60,11632,33,478,984432,0
"./streams input 4 1 512",0.06,0.01,0:00.47,496,4,139,34096,0
"./streams input 4 2 512",0.12,0.01,0:00.93,879,5,185,66376,0
"./streams input 4 4 512",0.23,0.02,0:01.90,1652,7,223,132168,0
"./streams input 4 8 512",0.48,0.04,0:03.66,3186,11,291,263792,0
"./streams input 4 10 512",0.64,0.06,0:05.01,3956,13,383,329272,0
"./streams input 4 14 512",0.82,0.12,0:09.67,5489,17,426,460400,0
"./streams input 4 18 512",1.15,0.11,0:17.05,7025,21,486,591480,0
"./streams input 4 22 512",1.51,0.12,0:21.58,8560,25,467,722536,0
"./streams input 4 30 512",2.32,0.16,0:29.89,11635,33,489,984632,0
"./streams input 4 1 1024",0.06,0.00,0:00.59,498,4,142,34432,0
"./streams input 4 2 1024",0.13,0.00,0:01.17,881,5,181,67136,0
"./streams input 4 4 1024",0.22,0.02,0:01.99,1656,7,230,131912,0
"./streams input 4 8 1024",0.46,0.04,0:03.94,2163,11,362,263776,0
"./streams input 4 10 1024",0.64,0.06,0:05.06,3956,13,455,329336,0
"./streams input 4 14 1024",0.90,0.07,0:09.81,5488,17,433,460400,0
"./streams input 4 18 1024",1.19,0.12,0:16.50,7024,21,469,591480,0
"./streams input 4 22 1024",1.54,0.11,0:21.70,8561,25,495,722560,0
"./streams input 4 30 1024",2.27,0.17,0:30.14,11634,33,485,984728,0
"./streams input 2 1 1",0.10,0.00,0:00.44,115,3,80,18248,0
"./streams input 2 2 1",0.30,0.00,0:00.95,114,3,87,50496,0
"./streams input 2 4 1",0.65,0.01,0:01.86,118,3,72,116320,0
"./streams input 2 8 1",1.38,0.04,0:03.82,121,3,146,247352,0
"./streams input 2 10 1",1.80,0.10,0:04.71,122,3,159,312928,0
"./streams input 2 14 1",2.56,0.08,0:09.62,128,3,264,443728,0
"./streams input 2 18 1",3.26,0.12,0:15.03,133,3,385,575080,0
"./streams input 2 22 1",3.89,0.22,0:21.51,136,3,418,706120,0
"./streams input 2 30 1",5.50,0.28,0:30.42,147,3,456,968272,0
"./streams input 3 1 44",0.04,0.01,0:00.45,111,3,78,18024,0
"./streams input 3 2 44",0.11,0.04,0:00.81,114,3,146,50720,0
"./streams input 3 4 44",0.20,0.09,0:01.65,114,3,205,115776,0
"./streams input 3 8 44",0.40,0.21,0:03.74,115,3,263,247152,0
"./streams input 3 10 44",0.50,0.25,0:04.93,113,3,309,312920,0
"./streams input 3 14 44",0.73,0.36,0:08.57,112,3,393,443984,0
"./streams input 3 18 44",0.88,0.59,0:15.66,115,3,448,575056,0
"./streams input 3 22 44",1.08,0.78,0:21.27,113,3,477,706152,0
"./streams input 3 30 44",1.58,0.99,0:30.34,114,3,515,968296,0
"./streams input 3 1 64",0.04,0.00,0:00.39,113,3,79,18048,0
"./streams input 3 2 64",0.09,0.02,0:00.81,112,3,159,50752,0
"./streams input 3 4 64",0.23,0.05,0:01.83,112,3,199,115528,0
"./streams input 3 8 64",0.41,0.12,0:03.81,111,3,270,247400,0
"./streams input 3 10 64",0.53,0.15,0:04.74,112,3,367,312944,0
"./streams input 3 14 64",0.73,0.28,0:09.36,117,3,456,443952,0
"./streams input 3 18 64",0.86,0.46,0:16.13,113,3,466,575088,0
"./streams input 3 22 64",1.08,0.57,0:21.39,114,3,477,706176,0
"./streams input 3 30 64",1.52,0.80,0:30.13,114,3,507,968312,0
"./streams input 3 1 88",0.04,0.00,0:00.38,112,3,80,18048,0
"./streams input 3 2 88",0.10,0.02,0:01.02,111,3,150,50448,0
"./streams input 3 4 88",0.20,0.05,0:01.61,113,3,213,116040,0
"./streams input 3 8 88",0.41,0.12,0:04.15,113,3,353,247160,0
"./streams input 3 10 88",0.51,0.14,0:04.64,116,3,318,312904,0
"./streams input 3 14 88",0.77,0.18,0:09.14,113,3,444,443752,0
"./streams input 3 18 88",0.95,0.35,0:15.91,112,3,467,574824,0
"./streams input 3 22 88",1.10,0.50,0:21.26,114,3,451,706128,0
"./streams input 3 30 88",1.50,0.66,0:29.97,116,3,509,968288,0
"./streams input 3 1 128",0.04,0.00,0:00.40,115,3,77,18008,0
"./streams input 3 2 128",0.10,0.01,0:00.84,112,3,154,50728,0
"./streams input 3 4 128",0.21,0.04,0:01.69,110,3,225,116072,0
"./streams input 3 8 128",0.39,0.12,0:03.81,113,3,337,247160,0
"./streams input 3 10 128",0.51,0.12,0:05.30,112,3,379,312920,0
"./streams input 3 14 128",0.72,0.18,0:08.75,111,3,441,444016,0
"./streams input 3 18 128",0.91,0.34,0:15.89,112,3,474,574824,0
"./streams input 3 22 128",1.13,0.42,0:23.99,119,3,547,706176,0
"./streams input 3 30 128",1.50,0.57,0:29.99,116,3,485,968320,0
"./streams input 3 1 180",0.04,0.00,0:00.40,113,3,79,18032,0
"./streams input 3 2 180",0.08,0.03,0:00.85,112,3,166,50704,0
"./streams input 3 4 180",0.20,0.04,0:01.86,112,3,223,116008,0
"./streams input 3 8 180",0.40,0.09,0:03.63,116,3,313,246880,0
"./streams input 3 10 180",0.51,0.12,0:04.80,113,3,410,312896,0
"./streams input 3 14 180",0.72,0.15,0:08.54,113,3,408,444016,0
"./streams input 3 18 180",0.92,0.23,0:16.22,115,3,513,575080,0
"./streams input 3 22 180",1.12,0.31,0:21.53,118,3,496,706176,0
"./streams input 3 30 180",1.53,0.42,0:29.17,117,3,518,968312,0
"./streams input 3 1 256",0.03,0.00,0:00.37,112,3,79,18000,0
"./streams input 3 2 256",0.10,0.00,0:00.82,115,3,160,50208,0
"./streams input 3 4 256",0.22,0.02,0:02.15,114,3,218,116040,0
"./streams input 3 8 256",0.42,0.07,0:03.88,113,3,372,247392,0
"./streams input 3 10 256",0.51,0.09,0:04.55,114,3,386,312680,0
"./streams input 3 14 256",0.72,0.13,0:08.89,115,3,443,443992,0
"./streams input 3 18 256",0.95,0.18,0:15.80,116,3,496,575120,0
"./streams input 3 22 256",1.13,0.23,0:21.38,117,3,501,705856,0
"./streams input 3 30 256",1.50,0.39,0:29.24,119,3,515,968280,0
"./streams input 3 1 360",0.03,0.00,0:00.39,111,3,80,18000,0
"./streams input 3 2 360",0.09,0.02,0:00.82,112,3,160,50784,0
"./streams input 3 4 360",0.18,0.04,0:01.62,114,3,216,115800,0
"./streams input 3 8 360",0.40,0.06,0:03.81,116,3,333,247088,0
"./streams input 3 10 360",0.50,0.10,0:04.72,119,2,365,312768,0
"./streams input 3 14 360",0.70,0.16,0:08.72,116,3,430,444024,0
"./streams input 3 18 360",0.90,0.21,0:16.55,117,3,483,575096,0
"./streams input 3 22 360",1.16,0.21,0:20.93,121,3,504,706128,0
"./streams input 3 30 360",1.60,0.27,0:29.64,122,3,510,968288,0
"./streams input 3 1 512",0.04,0.00,0:00.49,113,3,77,18032,0
"./streams input 3 2 512",0.09,0.02,0:01.12,115,3,160,50760,0
"./streams input 3 4 512",0.18,0.04,0:01.72,114,3,228,116312,0
"./streams input 3 8 512",0.38,0.08,0:03.68,116,3,324,247336,0
"./streams input 3 10 512",0.54,0.06,0:04.89,118,3,420,312880,0
"./streams input 3 14 512",0.72,0.12,0:09.16,119,3,456,443728,0
"./streams input 3 18 512",0.95,0.14,0:15.74,121,3,470,575056,0
"./streams input 3 22 512",1.09,0.21,0:20.91,123,3,487,706136,0
"./streams input 3 30 512",1.47,0.31,0:29.51,130,3,542,968304,0
"./streams input 3 1 724",0.03,0.00,0:00.37,110,3,78,18032,0
"./streams input 3 2 724",0.10,0.00,0:00.96,112,3,155,50264,0
"./streams input 3 4 724",0.20,0.02,0:01.89,114,3,226,116024,0
"./streams input 3 8 724",0.36,0.09,0:03.99,119,3,302,247408,0
"./streams input 3 10 724",0.54,0.07,0:05.56,119,3,421,312984,0
"./streams input 3 14 724",0.68,0.15,0:09.05,121,3,431,444032,0
"./streams input 3 18 724",0.91,0.16,0:16.17,126,3,498,575088,0
"./streams input 3 22 724",1.14,0.18,0:21.18,129,3,462,706176,0
"./streams input 3 30 724",1.51,0.27,0:30.82,132,3,511,968304,0
"./streams input 3 1 1024",0.04,0.00,0:00.41,115,3,80,18048,0
"./streams input 3 2 1024",0.09,0.01,0:00.91,113,5,164,50400,0
"./streams input 3 4 1024",0.21,0.00,0:01.68,116,3,217,116072,0
"./streams input 3 8 1024",0.37,0.08,0:04.00,121,3,307,247408,0
"./streams input 3 10 1024",0.51,0.07,0:04.79,125,3,415,312688,0
"./streams input 3 14 1024",0.74,0.11,0:09.12,127,3,426,443736,0
"./streams input 3 18 1024",0.94,0.12,0:16.12,129,3,465,575088,0
"./streams input 3 22 1024",1.08,0.20,0:21.35,136,3,501,706176,0
"./streams input 3 30 1024",1.55,0.23,0:30.22,143,3,541,968320,0
"./streams input 3 1 1448",0.03,0.00,0:00.36,113,3,80,18048,0
"./streams input 3 2 1448",0.10,0.00,0:00.71,114,3,162,50216,0
"./streams input 3 4 1448",0.18,0.04,0:02.04,116,3,223,116080,0
"./streams input 3 8 1448",0.39,0.07,0:03.76,121,3,342,247400,0
"./streams input 3 10 1448",0.50,0.08,0:04.61,126,3,318,312896,0
"./streams input 3 14 1448",0.76,0.08,0:09.58,131,3,440,444016,0
"./streams input 3 18 1448",0.92,0.15,0:16.75,137,3,519,575080,0
"./streams input 3 22 1448",1.17,0.16,0:21.24,142,3,479,706176,0
"./streams input 3 30 1448",1.53,0.27,0:29.82,153,3,542,968312,0
"./streams input 3 1 2048",0.03,0.00,0:00.37,114,3,79,18040,0
"./streams input 3 2 2048",0.08,0.02,0:00.68,112,5,165,50128,0
"./streams input 3 4 2048",0.19,0.02,0:01.94,123,3,229,116056,0
"./streams input 3 8 2048",0.42,0.03,0:03.58,127,3,334,247136,0
"./streams input 3 10 2048",0.50,0.08,0:04.59,132,3,385,312912,0
"./streams input 3 14 2048",0.74,0.09,0:09.09,144,3,460,443976,0
"./streams input 3 18 2048",0.92,0.15,0:15.75,147,3,492,575104,0
"./streams input 3 22 2048",1.16,0.15,0:21.21,156,3,483,706168,0
"./streams input 3 30 2048",1.54,0.26,0:29.22,173,3,505,968320,0
"./streams input 3 1 2896",0.03,0.00,0:00.42,114,3,78,18048,0
"./streams input 3 2 2896",0.10,0.00,0:00.90,119,3,172,50800,0
"./streams input 3 4 2896",0.20,0.02,0:01.60,123,3,224,116064,0
"./streams input 3 8 2896",0.41,0.04,0:03.70,134,3,319,247128,0
"./streams input 3 10 2896",0.50,0.08,0:04.84,141,3,377,312944,0
"./streams input 3 14 2896",0.70,0.11,0:09.46,150,3,440,444016,0
"./streams input 3 18 2896",0.94,0.15,0:15.75,161,3,466,575104,0
"./streams input 3 22 2896",1.10,0.21,0:20.95,173,3,500,706168,0
"./streams input 3 30 2896",1.60,0.27,0:30.11,196,3,493,968296,0
"./streams input 3 1 4096",0.04,0.00,0:00.33,118,3,77,17776,0
"./streams input 3 2 4096",0.11,0.00,0:01.02,121,3,159,50464,0
"./streams input 3 4 4096",0.18,0.03,0:01.83,127,3,223,115776,0
"./streams input 3 8 4096",0.38,0.08,0:03.75,146,3,334,247120,0
"./streams input 3 10 4096",0.48,0.10,0:04.82,152,3,420,312952,0
"./streams input 3 14 4096",0.70,0.12,0:08.86,168,3,437,444024,0
"./streams input 3 18 4096",0.94,0.17,0:15.38,184,3,501,575088,0
"./streams input 3 22 4096",1.18,0.20,0:21.34,202,3,475,706160,0
"./streams input 3 30 4096",1.67,0.22,0:29.45,236,3,509,968304,0
"./streams input 3 1 5792",0.04,0.00,0:00.35,117,3,75,17768,0
"./streams input 3 2 5792",0.10,0.01,0:00.84,127,3,153,50792,0
"./streams input 3 4 5792",0.19,0.03,0:01.71,133,3,231,116328,0
"./streams input 3 8 5792",0.44,0.05,0:04.12,158,3,390,247120,0
"./streams input 3 10 5792",0.51,0.07,0:04.76,168,3,396,312920,0
"./streams input 3 14 5792",0.77,0.09,0:09.21,193,3,436,444032,0
"./streams input 3 18 5792",0.95,0.14,0:15.55,214,3,427,575096,0
"./streams input 3 22 5792",1.16,0.18,0:20.94,239,3,455,705904,0
"./streams input 3 30 5792",1.73,0.18,0:29.16,283,3,498,968304,0
"./streams input 3 1 8192",0.04,0.00,0:00.36,120,3,77,18032,0
"./streams input 3 2 8192",0.10,0.01,0:00.83,127,3,161,50720,0
"./streams input 3 4 8192",0.20,0.02,0:01.89,144,3,212,115984,0
"./streams input 3 8 8192",0.46,0.03,0:03.56,177,3,382,247096,0
"./streams input 3 10 8192",0.50,0.10,0:04.60,193,3,317,312680,0
"./streams input 3 14 8192",0.69,0.18,0:08.85,224,3,418,443992,0
"./streams input 3 18 8192",0.98,0.17,0:15.32,256,3,448,575080,0
"./streams input 3 22 8192",1.31,0.16,0:20.69,287,3,463,706104,0
"./streams input 3 30 8192",1.78,0.28,0:29.86,352,3,474,968048,0
"./streams input 3 1 11584",0.03,0.00,0:00.32,122,3,75,17768,0
"./streams input 3 2 11584",0.10,0.00,0:00.75,136,3,150,49992,0
"./streams input 3 4 11584",0.20,0.02,0:01.75,159,3,217,116040,0
"./streams input 3 8 11584",0.40,0.06,0:03.49,201,3,347,247144,0
"./streams input 3 10 11584",0.51,0.09,0:04.78,225,3,428,312936,0
"./streams input 3 14 11584",0.74,0.10,0:09.09,270,3,414,444016,0
"./streams input 3 18 11584",0.96,0.17,0:16.00,314,3,455,575088,0
"./streams input 3 22 11584",1.20,0.22,0:20.37,361,3,429,706160,0
"./streams input 3 30 11584",1.80,0.26,0:29.87,452,3,504,968288,0
"./streams input 3 1 16384",0.03,0.00,0:00.43,130,3,76,18016,0
"./streams input 3 2 16384",0.09,0.01,0:00.86,143,3,156,50776,0
"./streams input 3 4 16384",0.20,0.04,0:01.62,178,3,210,116080,0
"./streams input 3 8 16384",0.48,0.06,0:03.97,239,3,321,246832,0
"./streams input 3 10 16384",0.61,0.08,0:05.05,273,3,359,312920,0
"./streams input 3 14 16384",0.90,0.11,0:08.81,336,3,434,444024,0
"./streams input 3 18 16384",1.08,0.16,0:15.67,400,3,444,574768,0
"./streams input 3 22 16384",1.38,0.21,0:20.84,463,3,481,705816,0
"./streams input 3 30 16384",2.04,0.26,0:29.29,592,3,498,968296,0
"./streams input 3 1 23168",0.05,0.00,0:00.37,134,3,77,18000,0
"./streams input 3 2 23168",0.11,0.00,0:00.66,157,3,155,50264,0
"./streams input 3 4 23168",0.20,0.02,0:01.81,204,3,237,116024,0
"./streams input 3 8 23168",0.42,0.05,0:03.52,295,3,315,247392,0
"./streams input 3 10 23168",0.49,0.10,0:04.47,337,3,359,312872,0
"./streams input 3 14 23168",0.71,0.14,0:09.28,427,3,424,443704,0
"./streams input 3 18 23168",0.92,0.19,0:15.98,518,3,494,575096,0
"./streams input 3 22 23168",1.43,0.19,0:20.35,608,3,483,706120,0
"./streams input 3 30 23168",2.12,0.26,0:29.81,792,3,488,968312,0
"./streams input 3 1 32768",0.04,0.00,0:00.58,144,3,74,18048,0
"./streams input 3 2 32768",0.07,0.03,0:00.81,175,3,161,50776,0
"./streams input 3 4 32768",0.17,0.05,0:01.58,244,3,214,116096,0
"./streams input 3 8 32768",0.51,0.06,0:03.77,374,3,298,247392,0
"./streams input 3 10 32768",0.67,0.10,0:04.97,444,3,348,312944,0
"./streams input 3 14 32768",0.94,0.16,0:08.62,572,3,399,444032,0
"./streams input 3 18 32768",1.18,0.18,0:15.11,709,3,454,575032,0
"./streams input 3 22 32768",1.51,0.25,0:21.31,837,3,460,706176,0
"./streams input 3 30 32768",2.56,0.38,0:29.23,1101,3,480,968312,0
"./streams input 4 1 1",0.03,0.01,0:00.36,2157,4,77,17968,0
"./streams input 4 2 1",0.09,0.02,0:00.77,6256,5,156,50496,0
"./streams input 4 4 1",0.22,0.03,0:01.96,14443,7,212,115840,0
"./streams input 4 8 1",0.40,0.10,0:03.78,30823,11,326,247408,0
"./streams input 4 10 1",0.58,0.09,0:04.75,39016,13,305,312888,0
"./streams input 4 14 1",0.77,0.19,0:09.52,55394,17,433,444032,0
"./streams input 4 18 1",1.00,0.24,0:15.52,71773,21,450,575104,0
"./streams input 4 22 1",1.36,0.23,0:20.35,88154,25,466,706160,0
"./streams input 4 30 1",1.98,0.36,0:29.71,120914,33,505,968256,0
"./streams input 4 1 2",0.02,0.01,0:00.42,1134,4,77,18048,0
"./streams input 4 2 2",0.08,0.02,0:00.83,3183,5,157,50808,0
"./streams input 4 4 2",0.21,0.02,0:01.66,7277,7,219,116264,0
"./streams input 4 8 2",0.41,0.07,0:04.01,15471,11,318,246880,0
"./streams input 4 10 2",0.56,0.10,0:05.02,19557,13,372,312912,0
"./streams input 4 14 2",0.81,0.12,0:09.20,27747,17,432,444024,0
"./streams input 4 18 2",1.04,0.15,0:14.76,35935,21,464,574824,0
"./streams input 4 22 2",1.35,0.20,0:21.16,44124,25,476,706128,0
"./streams input 4 30 2",2.06,0.25,0:29.54,60499,33,505,968320,0
"./streams input 4 1 4",0.04,0.00,0:00.38,622,4,77,18040,0
"./streams input 4 2 4",0.08,0.02,0:00.79,1645,5,160,50752,0
"./streams input 4 4 4",0.20,0.02,0:01.59,3692,7,222,115552,0
"./streams input 4 8 4",0.43,0.05,0:03.69,7787,11,346,247136,0
"./streams input 4 10 4",0.53,0.10,0:04.75,9831,13,374,312928,0
"./streams input 4 14 4",0.78,0.09,0:09.36,14948,17,424,444000,0
"./streams input 4 18 4",1.01,0.15,0:15.32,18013,21,431,575040,0
"./streams input 4 22 4",1.42,0.15,0:20.48,23131,25,437,706160,0
"./streams input 4 30 4",2.12,0.19,0:29.44,31315,33,480,968288,0
"./streams input 4 1 8",0.02,0.01,0:00.38,369,4,78,17992,0
"./streams input 4 2 8",0.08,0.02,0:00.81,882,5,157,50744,0
"./streams input 4 4 8",0.22,0.01,0:02.17,1900,7,211,115536,0
"./streams input 4 8 8",0.41,0.08,0:05.83,3946,11,402,247168,0
"./streams input 4 10 8",0.59,0.04,0:04.92,5480,13,363,312952,0
"./streams input 4 14 8",0.83,0.10,0:08.96,7009,17,452,443952,0
"./streams input 4 18 8",1.08,0.14,0:16.13,9052,21,462,574800,0
"./streams input 4 22 8",1.45,0.12,0:21.05,11101,25,461,705856,0
"./streams input 4 30 8",2.02,0.26,0:29.49,15698,33,440,968296,0
"./streams input 4 1 16",0.03,0.00,0:00.45,240,4,78,18056,0
"./streams input 4 2 16",0.10,0.00,0:00.89,498,5,152,50232,0
"./streams input 4 4 16",0.20,0.03,0:01.82,1008,7,219,116024,0
"./streams input 4 8 16",0.41,0.07,0:04.15,2036,11,346,247136,0
"./streams input 4 10 16",0.57,0.07,0:05.13,2674,13,332,312928,0
"./streams input 4 14 16",0.82,0.09,0:08.61,3823,17,435,443968,0
"./streams input 4 18 16",1.08,0.09,0:16.08,4848,21,456,575088,0
"./streams input 4 22 16",1.35,0.16,0:20.68,5871,25,459,706144,0
"./streams input 4 30 16",2.06,0.18,0:29.51,7920,33,482,968280,0
"./streams input 4 1 32",0.03,0.00,0:00.39,304,4,78,18048,0
"./streams input 4 2 32",0.10,0.01,0:00.99,690,5,151,50440,0
"./streams input 4 4 32",0.21,0.02,0:01.81,1458,7,213,116032,0
"./streams input 4 8 32",0.42,0.05,0:03.99,2993,11,339,247392,0
"./streams input 4 10 32",0.55,0.07,0:04.48,3765,13,346,312984,0
"./streams input 4 14 32",0.83,0.09,0:09.06,5298,17,418,444048,0
"./streams input 4 18 32",1.01,0.10,0:15.57,6513,21,447,575056,0
"./streams input 4 22 32",1.36,0.17,0:20.88,8225,25,471,706136,0
"./streams input 4 30 32",2.11,0.14,0:29.35,9584,33,503,968320,0
"./streams input 4 1 64",0.03,0.00,0:00.44,306,4,77,18040,0
"./streams input 4 2 64",0.09,0.01,0:00.77,500,5,158,50264,0
"./streams input 4 4 64",0.19,0.04,0:01.89,1458,7,226,116016,0
"./streams input 4 8 64",0.42,0.03,0:03.70,2994,11,334,247400,0
"./streams input 4 10 64",0.55,0.10,0:05.19,3761,13,359,312952,0
"./streams input 4 14 64",0.84,0.08,0:09.04,5288,17,444,443776,0
"./streams input 4 18 64",1.09,0.10,0:15.64,6823,21,466,575072,0
"./streams input 4 22 64",1.38,0.18,0:20.69,8368,25,462,706168,0
"./streams input 4 30 64",2.15,0.15,0:30.17,11440,33,482,968312,0
"./streams input 4 1 128",0.03,0.00,0:00.39,306,4,78,18048,0
"./streams input 4 2 128",0.10,0.00,0:00.94,690,5,152,50280,0
"./streams input 4 4 128",0.21,0.02,0:01.84,1458,7,229,116096,0
"./streams input 4 8 128",0.43,0.05,0:04.36,2996,11,379,247336,0
"./streams input 4 10 128",0.57,0.06,0:04.67,3758,13,395,312928,0
"./streams input 4 14 128",0.82,0.09,0:08.70,5296,17,394,444000,0
"./streams input 4 18 128",1.05,0.11,0:15.76,6816,21,452,574824,0
"./streams input 4 22 128",1.41,0.13,0:21.25,8368,25,467,706160,0
"./streams input 4 30 128",2.11,0.23,0:29.32,11437,33,492,968328,0
"./streams input 4 1 256",0.04,0.00,0:00.41,305,4,76,18032,0
"./streams input 4 2 256",0.09,0.00,0:00.85,690,5,154,50256,0
"./streams input 4 4 256",0.20,0.03,0:01.95,1459,7,205,116112,0
"./streams input 4 8 256",0.43,0.04,0:04.33,2992,11,345,247408,0
"./streams input 4 10 256",0.55,0.07,0:05.15,3762,13,356,312960,0
"./streams input 4 14 256",0.82,0.08,0:09.23,5297,17,408,443968,0
"./streams input 4 18 256",1.04,0.18,0:15.11,6834,21,478,575040,0
"./streams input 4 22 256",1.51,0.10,0:20.97,8366,25,468,706152,0
"./streams input 4 30 256",2.18,0.21,0:29.93,11442,33,503,968264,0
"./streams input 4 1 512",0.04,0.00,0:00.38,303,4,78,18048,0
"./streams input 4 2 512",0.10,0.00,0:00.80,688,5,159,50744,0
"./streams input 4 4 512",0.21,0.02,0:01.63,1455,7,219,115776,0
"./streams input 4 8 512",0.41,0.05,0:03.70,2996,11,312,247160,0
"./streams input 4 10 512",0.56,0.06,0:04.81,3759,13,349,312944,0
"./streams input 4 14 512",0.83,0.06,0:08.73,5298,17,430,444048,0
"./streams input 4 18 512",1.12,0.10,0:15.44,6831,21,460,575112,0
"./streams input 4 22 512",1.46,0.15,0:21.19,8371,25,444,706176,0
"./streams input 4 30 512",2.23,0.18,0:30.05,11441,33,439,968288,0
"./streams input 4 1 1024",0.04,0.00,0:00.44,306,4,77,18048,0
"./streams input 4 2 1024",0.10,0.00,0:01.35,688,5,155,50696,0
"./streams input 4 4 1024",0.20,0.03,0:01.67,1454,7,226,116008,0
"./streams input 4 8 1024",0.46,0.02,0:04.05,2996,11,324,247104,0
"./streams input 4 10 1024",0.57,0.06,0:04.53,3763,13,322,312952,0
"./streams input 4 14 1024",0.80,0.10,0:08.91,5296,17,411,443968,0
"./streams input 4 18 1024",1.08,0.12,0:16.28,4593,21,468,574832,0
"./streams input 4 22 1024",1.49,0.12,0:20.76,8373,25,505,706184,0
"./streams input 4 30 1024",2.25,0.18,0:29.90,11439,33,474,968304,0
"./streams output 3 1 4194304 44",0.23,0.08,0:00.69,111,4,17,1808,32768
"./streams output 3 2 4194304 44",0.44,0.22,0:00.69,112,0,2,8,65536
"./streams output 3 4 4194304 44",0.85,0.42,0:01.94,112,0,54,8,131072
"./streams output 3 8 4194304 44",1.44,0.92,0:03.57,114,0,69,64,262144
"./streams output 3 10 4194304 44",1.88,1.08,0:04.80,113,0,99,16,327680
"./streams output 3 14 4194304 44",2.68,1.44,0:06.41,115,0,44,16,458752
"./streams output 3 18 4194304 44",3.28,2.05,0:09.30,114,0,175,16,589824
"./streams output 3 22 4194304 44",3.96,2.58,0:09.90,113,0,396,8,720960
"./streams output 3 30 4194304 44",5.61,3.33,0:13.19,116,0,347,24,983160
"./streams output 3 1 4194304 64",0.20,0.07,0:00.28,113,0,1,0,32768
"./streams output 3 2 4194304 64",0.43,0.20,0:03.16,113,0,38,48,65536
"./streams output 3 4 4194304 64",0.75,0.30,0:02.21,112,0,54,16,131072
"./streams output 3 8 4194304 64",1.64,0.63,0:03.09,113,0,64,8,262144
"./streams output 3 10 4194304 64",1.86,0.80,0:05.38,114,0,220,56,327680
"./streams output 3 14 4194304 64",2.46,1.23,0:06.83,117,0,138,24,458752
"./streams output 3 18 4194304 64",3.27,1.48,0:08.45,113,0,275,32,589880
"./streams output 3 22 4194304 64",3.88,1.90,0:10.56,117,0,291,40,720896
"./streams output 3 30 4194304 64",5.28,2.68,0:14.38,115,0,406,32,983208
"./streams output 3 1 4194304 88",0.18,0.08,0:00.27,113,0,1,0,32768
"./streams output 3 2 4194304 88",0.44,0.13,0:02.21,112,0,32,0,65536
"./streams output 3 4 4194304 88",0.70,0.31,0:01.87,113,0,37,8,131072
"./streams output 3 8 4194304 88",1.46,0.53,0:02.95,113,0,59,16,262144
"./streams output 3 10 4194304 88",1.82,0.64,0:04.31,112,0,134,16,327680
"./streams output 3 14 4194304 88",2.51,0.96,0:05.97,113,0,136,16,458752
"./streams output 3 18 4194304 88",3.24,1.20,0:08.90,113,0,190,64,589824
"./streams output 3 22 4194304 88",4.04,1.47,0:11.38,114,0,341,144,720896
"./streams output 3 30 4194304 88",5.52,1.97,0:12.21,117,0,228,128,983128
"./streams output 3 1 4194304 128",0.17,0.06,0:00.23,116,0,1,0,32768
"./streams output 3 2 4194304 128",0.44,0.08,0:03.97,115,0,34,8,65536
"./streams output 3 4 4194304 128",0.70,0.22,0:01.53,115,0,86,248,131072
"./streams output 3 8 4194304 128",1.43,0.41,0:03.12,116,0,107,112,262144
"./streams output 3 10 4194304 128",1.84,0.46,0:04.29,113,0,159,64,327680
"./streams output 3 14 4194304 128",2.58,0.65,0:07.65,116,0,255,144,458752
"./streams output 3 18 4194304 128",3.26,0.83,0:07.96,117,0,1445,104,589824
"./streams output 3 22 4194304 128",4.00,1.06,0:10.63,114,0,101,32,720912
"./streams output 3 30 4194304 128",5.47,1.42,0:10.22,115,0,180,16,983168
"./streams output 3 1 4194304 180",0.17,0.05,0:00.23,116,0,1,0,32768
"./streams output 3 2 4194304 180",0.40,0.06,0:02.68,113,0,33,0,65536
"./streams output 3 4 4194304 180",0.74,0.15,0:03.55,112,0,65,8,131072
"./streams output 3 8 4194304 180",1.47,0.31,0:02.60,114,0,68,8,262144
"./streams output 3 10 4194304 180",1.81,0.42,0:04.17,114,0,117,8,327680
"./streams output 3 14 4194304 180",2.52,0.60,0:05.65,116,0,239,24,458752
"./streams output 3 18 4194304 180",3.27,0.76,0:12.04,115,0,3387,24,589832
"./streams output 3 22 4194304 180",3.95,1.00,0:15.23,119,0,280,64,720944
"./streams output 3 30 4194304 180",5.53,1.28,0:16.58,120,0,1662,40,983224
"./streams output 3 1 4194304 256",0.18,0.04,0:00.50,112,0,13,96,32768
"./streams output 3 2 4194304 256",0.39,0.06,0:02.95,115,0,45,168,65536
"./streams output 3 4 4194304 256",0.75,0.10,0:01.02,114,0,25,48,131072
"./streams output 3 8 4194304 256",1.46,0.26,0:02.88,114,0,109,8,262144
"./streams output 3 10 4194304 256",1.96,0.34,0:04.82,114,0,156,8,327680
"./streams output 3 14 4194304 256",2.52,0.49,0:07.97,117,0,228,56,458752
"./streams output 3 18 4194304 256",3.21,0.62,0:06.26,117,0,141,0,589968
"./streams output 3 22 4194304 256",4.00,0.72,0:10.75,117,0,153,184,720896
"./streams output 3 30 4194304 256",5.45,0.99,0:14.96,118,0,390,424,983184
"./streams output 3 1 4194304 360",0.19,0.02,0:00.21,112,0,1,0,32768
"./streams output 3 2 4194304 360",0.42,0.05,0:04.07,112,0,33,0,65536
"./streams output 3 4 4194304 360",0.74,0.12,0:01.40,115,0,62,0,131072
"./streams output 3 8 4194304 360",1.42,0.28,0:02.92,118,0,41,8,262144
"./streams output 3 10 4194304 360",1.81,0.36,0:04.72,118,0,115,8,327680
"./streams output 3 14 4194304 360",2.55,0.44,0:06.35,121,0,188,16,458752
"./streams output 3 18 4194304 360",3.27,0.61,0:08.58,118,0,314,40,589976
"./streams output 3 22 4194304 360",4.02,0.71,0:09.53,119,0,289,72,720896
"./streams output 3 30 4194304 360",5.46,0.97,0:17.31,122,0,487,24,983176
"./streams output 3 1 4194304 512",0.17,0.04,0:00.21,112,0,1,0,32768
"./streams output 3 2 4194304 512",0.38,0.04,0:02.82,116,0,35,8,65536
"./streams output 3 4 4194304 512",0.74,0.10,0:01.84,118,0,63,16,131072
"./streams output 3 8 4194304 512",1.57,0.27,0:04.15,118,0,73,24,262144
"./streams output 3 10 4194304 512",1.84,0.22,0:03.85,119,0,146,32,327680
"./streams output 3 14 4194304 512",2.54,0.37,0:06.16,119,0,283,16,458752
"./streams output 3 18 4194304 512",3.26,0.47,0:08.34,124,0,223,8,589952
"./streams output 3 22 4194304 512",3.98,0.56,0:09.35,124,0,202,16,720896
"./streams output 3 30 4194304 512",5.52,0.71,0:18.21,128,0,1755,8,983144
"./streams output 3 1 4194304 724",0.18,0.03,0:01.72,113,0,4,0,32768
"./streams output 3 2 4194304 724",0.44,0.04,0:00.80,114,0,33,0,65536
"./streams output 3 4 4194304 724",0.72,0.12,0:01.41,116,0,55,8,131072
"./streams output 3 8 4194304 724",1.47,0.19,0:03.01,118,0,111,8,262144
"./streams output 3 10 4194304 724",1.82,0.24,0:04.73,122,0,180,24,327680
"./streams output 3 14 4194304 724",2.50,0.38,0:06.36,122,0,168,32,458752
"./streams output 3 18 4194304 724",3.24,0.49,0:08.13,125,0,288,8,589968
"./streams output 3 22 4194304 724",4.32,0.52,0:09.45,127,0,172,16,720896
"./streams output 3 30 4194304 724",5.50,0.72,0:15.41,132,0,480,64,983168
"./streams output 3 1 4194304 1024",0.19,0.01,0:00.21,114,0,1,0,32768
"./streams output 3 2 4194304 1024",0.36,0.05,0:03.11,117,0,33,0,65536
"./streams output 3 4 4194304 1024",0.71,0.08,0:03.98,119,0,66,8,131072
"./streams output 3 8 4194304 1024",1.45,0.15,0:03.00,120,0,52,16,262144
"./streams output 3 10 4194304 1024",1.78,0.20,0:04.65,124,0,108,8,327680
"./streams output 3 14 4194304 1024",2.48,0.27,0:05.87,127,0,185,8,458752
"./streams output 3 18 4194304 1024",3.18,0.36,0:08.91,133,0,270,0,589824
"./streams output 3 22 4194304 1024",3.95,0.38,0:09.13,136,0,81,16,720896
"./streams output 3 30 4194304 1024",5.38,0.53,0:14.09,146,0,128,16,983040
"./streams output 3 1 4194304 1448",0.20,0.01,0:00.22,115,0,1,0,32768
"./streams output 3 2 4194304 1448",0.39,0.03,0:04.70,117,0,34,0,65536
"./streams output 3 4 4194304 1448",0.74,0.06,0:02.27,117,0,37,8,131072
"./streams output 3 8 4194304 1448",1.51,0.10,0:02.72,126,0,122,0,262144
"./streams output 3 10 4194304 1448",1.87,0.14,0:04.91,126,0,165,8,327680
"./streams output 3 14 4194304 1448",2.54,0.27,0:05.68,131,0,139,8,458752
"./streams output 3 18 4194304 1448",3.20,0.38,0:09.08,137,0,366,8,589936
"./streams output 3 22 4194304 1448",3.92,0.46,0:08.64,144,0,37,16,720896
"./streams output 3 30 4194304 1448",5.42,0.62,0:17.24,157,0,2294,56,983144
"./streams output 3 1 4194304 2048",0.20,0.00,0:00.79,117,0,3,8,32768
"./streams output 3 2 4194304 2048",0.38,0.04,0:01.52,117,0,32,0,65536
"./streams output 3 4 4194304 2048",0.73,0.06,0:01.40,122,0,64,8,131072
"./streams output 3 8 4194304 2048",1.42,0.14,0:02.60,128,0,98,0,262144
"./streams output 3 10 4194304 2048",1.78,0.20,0:05.62,134,0,115,16,327680
"./streams output 3 14 4194304 2048",2.51,0.25,0:05.37,140,0,110,8,458752
"./streams output 3 18 4194304 2048",3.28,0.30,0:08.58,149,0,212,0,589824
"./streams output 3 22 4194304 2048",4.36,0.38,0:10.73,157,0,201,16,720896
"./streams output 3 30 4194304 2048",5.50,0.54,0:14.49,175,0,399,16,983040
"./streams output 3 1 4194304 2896",0.19,0.01,0:00.20,115,0,1,0,32768
"./streams output 3 2 4194304 2896",0.35,0.06,0:03.57,117,0,33,0,65536
"./streams output 3 4 4194304 2896",0.68,0.10,0:03.20,123,0,65,0,131072
"./streams output 3 8 4194304 2896",1.44,0.13,0:03.30,135,0,83,8,262144
"./streams output 3 10 4194304 2896",1.81,0.19,0:05.22,140,0,116,8,327680
"./streams output 3 14 4194304 2896",2.44,0.32,0:05.39,151,0,40,8,458752
"./streams output 3 18 4194304 2896",3.24,0.37,0:08.36,166,0,222,8,589928
"./streams output 3 22 4194304 2896",3.96,0.44,0:11.07,177,0,241,24,720896
"./streams output 3 30 4194304 2896",5.59,0.39,0:15.38,200,0,3023,0,983184
"./streams output 3 1 4194304 4096",0.19,0.01,0:01.76,118,0,4,0,32768
"./streams output 3 2 4194304 4096",0.37,0.03,0:00.69,122,0,32,8,65536
"./streams output 3 4 4194304 4096",0.74,0.06,0:01.44,130,0,54,0,131072
"./streams output 3 8 4194304 4096",1.44,0.12,0:02.72,146,0,103,8,262144
"./streams output 3 10 4194304 4096",1.78,0.20,0:04.29,151,0,224,8,327680
"./streams output 3 14 4194304 4096",2.74,0.24,0:07.52,169,0,203,16,458752
"./streams output 3 18 4194304 4096",3.25,0.38,0:07.34,188,0,232,16,589824
"./streams output 3 22 4194304 4096",4.05,0.37,0:09.31,201,0,90,8,720896
"./streams output 3 30 4194304 4096",5.53,0.50,0:14.19,234,0,393,0,983040
"./streams output 3 1 4194304 5792",0.18,0.02,0:01.90,119,0,9,0,32768
"./streams output 3 2 4194304 5792",0.37,0.03,0:03.12,126,0,32,0,65536
"./streams output 3 4 4194304 5792",0.76,0.08,0:03.28,134,0,65,8,131072
"./streams output 3 8 4194304 5792",1.42,0.14,0:03.34,158,0,36,8,262144
"./streams output 3 10 4194304 5792",1.79,0.19,0:04.97,168,0,172,8,327680
"./streams output 3 14 4194304 5792",2.53,0.22,0:06.19,191,0,135,8,458752
"./streams output 3 18 4194304 5792",3.23,0.33,0:08.84,215,0,261,0,589928
"./streams output 3 22 4194304 5792",4.23,0.40,0:11.60,237,0,83,16,720896
"./streams output 3 30 4194304 5792",5.43,0.50,0:14.12,279,0,261,8,983176
"./streams output 3 1 4194304 8192",0.19,0.01,0:00.97,121,0,2,8,32768
"./streams output 3 2 4194304 8192",0.37,0.03,0:03.49,128,0,32,0,65536
"./streams output 3 4 4194304 8192",0.73,0.06,0:01.38,145,0,57,0,131072
"./streams output 3 8 4194304 8192",1.46,0.15,0:03.16,179,0,124,24,262144
"./streams output 3 10 4194304 8192",1.83,0.18,0:04.62,195,0,127,8,327680
"./streams output 3 14 4194304 8192",2.55,0.24,0:06.24,227,0,104,16,458752
"./streams output 3 18 4194304 8192",3.32,0.30,0:08.51,256,0,326,8,589824
"./streams output 3 22 4194304 8192",4.05,0.37,0:11.47,291,0,260,16,720896
"./streams output 3 30 4194304 8192",5.54,0.48,0:10.98,352,0,364,0,983040
"./streams output 3 1 4194304 11584",0.18,0.02,0:02.20,125,0,2,0,32768
"./streams output 3 2 4194304 11584",0.38,0.02,0:00.93,139,0,33,8,65536
"./streams output 3 4 4194304 11584",0.70,0.08,0:01.61,160,0,34,32,131072
"./streams output 3 8 4194304 11584",1.41,0.14,0:02.73,205,0,71,8,262144
"./streams output 3 10 4194304 11584",1.84,0.15,0:05.02,228,0,174,8,327680
"./streams output 3 14 4194304 11584",2.51,0.22,0:07.26,270,0,151,24,458752
"./streams output 3 18 4194304 11584",3.30,0.29,0:07.46,318,0,210,40,589904
"./streams output 3 22 4194304 11584",4.34,0.38,0:11.21,362,0,205,16,720896
"./streams output 3 30 4194304 11584",5.28,0.70,0:14.16,452,0,168,8,983176
"./streams output 3 1 4194304 16384",0.20,0.01,0:00.22,129,0,1,0,32768
"./streams output 3 2 4194304 16384",0.39,0.02,0:04.27,146,0,34,8,65536
"./streams output 3 4 4194304 16384",0.72,0.08,0:02.91,177,0,66,0,131072
"./streams output 3 8 4194304 16384",1.46,0.14,0:03.09,243,0,90,8,262144
"./streams output 3 10 4194304 16384",1.86,0.15,0:04.76,272,0,135,8,327680
"./streams output 3 14 4194304 16384",2.56,0.26,0:06.63,336,0,135,16,458752
"./streams output 3 18 4194304 16384",3.32,0.32,0:08.76,402,0,157,16,589824
"./streams output 3 22 4194304 16384",4.08,0.38,0:10.11,464,0,102,24,720896
"./streams output 3 30 4194304 16384",5.56,0.56,0:13.92,594,0,272,8,983040
"./streams output 3 1 4194304 23168",0.18,0.02,0:01.16,133,0,10,0,32768
"./streams output 3 2 4194304 23168",0.36,0.04,0:06.44,160,0,35,8,65536
"./streams output 3 4 4194304 23168",0.71,0.07,0:01.34,203,0,28,0,131072
"./streams output 3 8 4194304 23168",1.44,0.13,0:03.25,293,0,115,8,262144
"./streams output 3 10 4194304 23168",1.78,0.19,0:04.77,339,0,195,8,327680
"./streams output 3 14 4194304 23168",2.78,0.17,0:07.13,429,0,135,16,458752
"./streams output 3 18 4194304 23168",3.23,0.33,0:07.83,519,0,195,16,589960
"./streams output 3 22 4194304 23168",3.96,0.39,0:12.24,608,0,61,16,720896
"./streams output 3 30 4194304 23168",5.46,0.52,0:11.33,795,0,149,0,983280
"./streams output 3 1 4194304 32768",0.20,0.00,0:06.24,145,0,2,0,32768
"./streams output 3 2 4194304 32768",0.37,0.03,0:01.29,180,0,28,0,65536
"./streams output 3 4 4194304 32768",0.74,0.06,0:01.19,244,0,65,0,131072
"./streams output 3 8 4194304 32768",1.53,0.14,0:02.66,376,0,66,0,262144
"./streams output 3 10 4194304 32768",1.94,0.15,0:03.81,444,0,67,0,327680
"./streams output 3 14 4194304 32768",2.88,0.26,0:05.11,575,0,210,0,458752
"./streams output 3 18 4194304 32768",3.94,0.32,0:07.14,705,0,264,0,589824
"./streams output 3 22 4194304 32768",4.38,0.44,0:08.34,838,0,296,0,720896
"./streams output 3 30 4194304 32768",7.58,0.55,0:12.64,1102,0,407,0,983040
"./streams output 4 1 4194304 1",0.20,0.03,0:01.59,4208,1,11,0,32776
"./streams output 4 2 4194304 1",0.38,0.07,0:02.93,8304,2,19,0,65552
"./streams output 4 4 4194304 1",0.78,0.13,0:01.88,16495,4,59,0,131104
"./streams output 4 8 4194304 1",1.54,0.25,0:02.59,32872,8,106,0,262208
"./streams output 4 10 4194304 1",2.02,0.35,0:04.21,41064,10,127,0,327760
"./streams output 4 14 4194304 1",2.68,0.45,0:05.21,57452,14,98,0,458864
"./streams output 4 18 4194304 1",3.45,0.56,0:07.02,73822,18,76,0,589968
"./streams output 4 22 4194304 1",4.17,0.79,0:08.61,90214,22,501,0,721168
"./streams output 4 30 4194304 1",5.83,0.94,0:11.66,122972,30,340,0,983520
"./streams output 4 1 4194304 2",0.19,0.04,0:02.23,2162,2048,11,0,32776
"./streams output 4 2 4194304 2",0.42,0.05,0:02.69,4209,4096,35,0,65552
"./streams output 4 4 4194304 2",0.78,0.10,0:01.73,8304,8192,64,0,131104
"./streams output 4 8 4194304 2",1.54,0.19,0:02.72,16500,16384,124,0,262208
"./streams output 4 10 4194304 2",1.94,0.29,0:03.88,20599,20480,101,0,327760
"./streams output 4 14 4194304 2",2.66,0.38,0:05.35,28792,28672,118,0,458864
"./streams output 4 18 4194304 2",3.43,0.49,0:06.93,36992,36864,341,0,589968
"./streams output 4 22 4194304 2",4.24,0.55,0:08.86,45173,45056,384,0,721112
"./streams output 4 30 4194304 2",5.91,0.75,0:11.51,61576,61440,131,0,983720
"./streams output 4 1 4194304 4",0.21,0.01,0:01.25,3185,1024,34,0,32776
"./streams output 4 2 4194304 4",0.42,0.04,0:03.21,6256,2048,36,0,65552
"./streams output 4 4 4194304 4",0.77,0.09,0:02.49,12400,4096,59,0,131104
"./streams output 4 8 4194304 4",1.50,0.20,0:02.60,24690,8192,104,0,262208
"./streams output 4 10 4194304 4",1.92,0.21,0:03.77,30834,10240,123,0,327760
"./streams output 4 14 4194304 4",2.69,0.29,0:05.11,43124,14336,188,0,458864
"./streams output 4 18 4194304 4",3.40,0.42,0:06.77,55413,18432,213,0,589968
"./streams output 4 22 4194304 4",4.19,0.50,0:08.42,67701,22528,425,0,721160
"./streams output 4 30 4194304 4",6.11,0.65,0:11.72,92297,30720,259,0,983728
"./streams output 4 1 4194304 8",0.20,0.02,0:01.69,3696,512,11,0,32776
"./streams output 4 2 4194304 8",0.39,0.04,0:04.15,7280,1024,35,0,65552
"./streams output 4 4 4194304 8",0.76,0.08,0:01.40,14450,2048,52,0,131104
"./streams output 4 8 4194304 8",1.48,0.20,0:02.46,28785,4096,65,0,262208
"./streams output 4 10 4194304 8",1.91,0.18,0:03.84,35956,5120,126,0,327760
"./streams output 4 14 4194304 8",2.65,0.29,0:05.24,50290,7168,116,0,458864
"./streams output 4 18 4194304 8",3.46,0.38,0:06.96,64624,9216,194,0,589968
"./streams output 4 22 4194304 8",4.19,0.42,0:08.58,78970,11264,210,0,721120
"./streams output 4 30 4194304 8",5.67,0.61,0:16.92,107662,15360,130,0,983736
"./streams output 4 1 4194304 16",0.21,0.01,0:00.26,3952,256,2,0,32776
"./streams output 4 2 4194304 16",0.39,0.03,0:02.10,7796,512,33,0,65552
"./streams output 4 4 4194304 16",0.78,0.06,0:01.19,15474,1024,29,0,131104
"./streams output 4 8 4194304 16",1.56,0.12,0:02.60,30832,2048,123,0,262208
"./streams output 4 10 4194304 16",1.89,0.22,0:03.93,38513,2560,61,0,327768
"./streams output 4 14 4194304 16",2.74,0.28,0:05.46,53873,3584,186,0,458864
"./streams output 4 18 4194304 16",3.41,0.32,0:07.01,69232,4608,166,0,589968
"./streams output 4 22 4194304 16",4.40,0.44,0:09.26,84594,5632,361,0,721080
"./streams output 4 30 4194304 16",6.09,0.56,0:19.13,115339,7680,435,0,983728
"./streams output 4 1 4194304 32",0.21,0.00,0:00.26,4082,128,2,0,32776
"./streams output 4 2 4194304 32",0.38,0.04,0:01.98,8051,256,33,0,65552
"./streams output 4 4 4194304 32",0.79,0.05,0:01.39,15988,512,29,0,131104
"./streams output 4 8 4194304 32",1.55,0.11,0:02.87,31857,1024,30,0,262208
"./streams output 4 10 4194304 32",1.88,0.20,0:04.52,39792,1280,86,0,327760
"./streams output 4 14 4194304 32",2.60,0.32,0:05.84,55666,1792,142,0,458864
"./streams output 4 18 4194304 32",3.46,0.32,0:07.57,71551,2304,353,0,590192
"./streams output 4 22 4194304 32",4.22,0.37,0:08.92,87414,2816,186,0,721136
"./streams output 4 30 4194304 32",5.78,0.53,0:18.90,119182,3840,265,0,983760
"./streams output 4 1 4194304 64",0.22,0.01,0:00.23,4147,64,2,0,32776
"./streams output 4 2 4194304 64",0.38,0.04,0:01.72,8175,128,33,0,65552
"./streams output 4 4 4194304 64",0.77,0.06,0:01.53,16240,256,64,0,131104
"./streams output 4 8 4194304 64",1.52,0.14,0:02.72,32371,512,43,0,262208
"./streams output 4 10 4194304 64",1.90,0.18,0:04.46,40436,640,103,0,327760
"./streams output 4 14 4194304 64",2.63,0.28,0:05.72,56564,896,196,0,458864
"./streams output 4 18 4194304 64",3.49,0.32,0:08.06,72698,1152,198,0,590136
"./streams output 4 22 4194304 64",4.48,0.35,0:09.61,88816,1408,142,0,721072
"./streams output 4 30 4194304 64",5.90,0.60,0:19.87,121100,1920,449,0,983728
"./streams output 4 1 4194304 128",0.21,0.01,0:00.28,4177,32,2,0,32776
"./streams output 4 2 4194304 128",0.40,0.02,0:02.38,8241,64,34,0,65552
"./streams output 4 4 4194304 128",0.78,0.05,0:01.39,16367,128,33,0,131104
"./streams output 4 8 4194304 128",1.63,0.15,0:03.04,32626,256,125,0,262208
"./streams output 4 10 4194304 128",2.00,0.20,0:04.54,40753,320,118,0,327760
"./streams output 4 14 4194304 128",2.74,0.21,0:06.05,57009,448,113,0,458864
"./streams output 4 18 4194304 128",3.44,0.38,0:07.73,73286,576,170,0,590256
"./streams output 4 22 4194304 128",4.29,0.44,0:10.68,89521,704,255,0,721072
"./streams output 4 30 4194304 128",5.96,0.50,0:20.42,122057,960,178,0,983648
"./streams output 4 1 4194304 256",0.20,0.02,0:00.23,4192,16,2,0,32776
"./streams output 4 2 4194304 256",0.40,0.02,0:01.58,8274,32,34,0,65552
"./streams output 4 4 4194304 256",0.76,0.08,0:01.55,16436,64,41,0,131104
"./streams output 4 8 4194304 256",1.52,0.14,0:02.99,32752,128,42,0,262208
"./streams output 4 10 4194304 256",1.93,0.17,0:04.51,40915,160,118,0,327760
"./streams output 4 14 4194304 256",2.71,0.26,0:06.00,57232,224,116,0,458864
"./streams output 4 18 4194304 256",3.66,0.32,0:08.11,73571,288,203,0,590256
"./streams output 4 22 4194304 256",4.48,0.46,0:10.53,89874,352,302,0,721072
"./streams output 4 30 4194304 256",6.23,0.57,0:13.03,122531,480,513,0,983600
"./streams output 4 1 4194304 512",0.21,0.01,0:03.00,4203,8,11,0,32776
"./streams output 4 2 4194304 512",0.40,0.03,0:04.10,8287,16,35,0,65552
"./streams output 4 4 4194304 512",0.81,0.08,0:02.74,16467,32,65,0,131104
"./streams output 4 8 4194304 512",1.59,0.18,0:02.85,32818,64,107,0,262208
"./streams output 4 10 4194304 512",2.00,0.16,0:04.47,40995,80,144,0,327760
"./streams output 4 14 4194304 512",2.80,0.22,0:05.98,57346,112,161,0,458864
"./streams output 4 18 4194304 512",3.60,0.36,0:08.18,73716,144,198,0,590256
"./streams output 4 22 4194304 512",4.49,0.36,0:09.27,90065,176,77,0,721072
"./streams output 4 30 4194304 512",6.29,0.42,0:20.40,122773,240,181,0,983584
"./streams output 4 1 4194304 1024",0.18,0.03,0:00.63,4208,4,2,0,32776
"./streams output 4 2 4194304 1024",0.38,0.04,0:01.14,8296,8,32,0,65552
"./streams output 4 4 4194304 1024",0.80,0.08,0:01.43,16481,16,62,0,131104
"./streams output 4 8 4194304 1024",1.54,0.13,0:02.76,32851,32,63,0,262208
"./streams output 4 10 4194304 1024",1.95,0.21,0:04.65,41033,40,149,0,327760
"./streams output 4 14 4194304 1024",2.81,0.26,0:06.06,57400,56,77,0,458864
"./streams output 4 18 4194304 1024",3.60,0.34,0:08.38,73774,72,253,0,589968
"./streams output 4 22 4194304 1024",4.50,0.43,0:10.51,90140,88,123,0,721120
"./streams output 4 30 4194304 1024",6.20,0.60,0:20.81,122900,120,466,0,983528
"./streams output 3 1 4194304 44",0.22,0.08,0:00.31,113,0,1,0,32768
"./streams output 3 2 4194304 44",0.40,0.25,0:02.52,113,0,32,0,65536
"./streams output 3 4 4194304 44",0.72,0.48,0:01.75,112,0,11,0,131072
"./streams output 3 8 4194304 44",1.44,0.94,0:03.61,115,0,103,0,262144
"./streams output 3 10 4194304 44",1.84,1.16,0:05.65,115,0,134,0,327680
"./streams output 3 14 4194304 44",2.58,1.62,0:07.36,113,0,190,0,458752
"./streams output 3 18 4194304 44",3.42,1.95,0:09.87,113,0,136,0,589824
"./streams output 3 22 4194304 44",4.07,2.54,0:12.10,116,0,393,0,720912
"./streams output 3 30 4194304 44",5.46,3.57,0:15.46,115,0,471,0,983280
"./streams output 3 1 4194304 64",0.21,0.07,0:00.65,112,0,2,0,32768
"./streams output 3 2 4194304 64",0.42,0.17,0:03.68,112,0,33,0,65536
"./streams output 3 4 4194304 64",0.72,0.34,0:02.89,114,0,65,0,131072
"./streams output 3 8 4194304 64",1.48,0.64,0:03.45,115,0,78,0,262144
"./streams output 3 10 4194304 64",1.86,0.79,0:05.14,113,0,113,0,327680
"./streams output 3 14 4194304 64",2.50,1.20,0:06.80,113,0,142,0,458752
"./streams output 3 18 4194304 64",3.24,1.51,0:09.25,113,0,191,0,589824
"./streams output 3 22 4194304 64",4.00,1.84,0:11.30,114,0,500,0,720896
"./streams output 3 30 4194304 64",5.57,2.40,0:14.81,117,0,133,0,983216
"./streams output 3 1 4194304 88",0.18,0.08,0:02.71,115,0,27,0,32768
"./streams output 3 2 4194304 88",0.43,0.14,0:06.18,113,0,33,0,65536
"./streams output 3 4 4194304 88",0.75,0.24,0:01.61,112,0,65,0,131072
"./streams output 3 8 4194304 88",1.50,0.50,0:03.23,115,0,128,0,262144
"./streams output 3 10 4194304 88",1.95,0.68,0:05.09,112,0,112,0,327680
"./streams output 3 14 4194304 88",2.56,0.93,0:06.53,114,0,203,0,458752
"./streams output 3 18 4194304 88",3.24,1.26,0:08.86,114,0,334,0,589824
"./streams output 3 22 4194304 88",4.05,1.44,0:10.81,114,0,457,0,720896
"./streams output 3 30 4194304 88",5.46,2.07,0:14.25,118,0,611,0,983280
"./streams output 3 1 4194304 128",0.20,0.03,0:05.56,114,0,4,0,32768
"./streams output 3 2 4194304 128",0.44,0.09,0:02.45,115,0,32,0,65536
"./streams output 3 4 4194304 128",0.70,0.22,0:01.58,112,0,39,0,131072
"./streams output 3 8 4194304 128",1.50,0.35,0:03.16,116,0,101,0,262144
"./streams output 3 10 4194304 128",1.81,0.48,0:04.91,114,0,229,0,327680
"./streams output 3 14 4194304 128",2.52,0.70,0:06.39,114,0,214,0,458752
"./streams output 3 18 4194304 128",3.20,0.95,0:08.46,116,0,343,0,589824
"./streams output 3 22 4194304 128",4.05,1.00,0:10.68,117,0,403,0,720896
"./streams output 3 30 4194304 128",5.45,1.50,0:19.12,118,0,436,0,983264
"./streams output 3 1 4194304 180",0.19,0.04,0:00.23,115,0,1,0,32768
"./streams output 3 2 4194304 180",0.46,0.08,0:02.61,113,0,33,0,65536
"./streams output 3 4 4194304 180",0.75,0.14,0:01.52,113,0,62,0,131072
"./streams output 3 8 4194304 180",1.47,0.32,0:03.12,114,0,116,0,262144
"./streams output 3 10 4194304 180",1.79,0.46,0:04.79,113,0,174,0,327680
"./streams output 3 14 4194304 180",2.52,0.60,0:06.39,114,0,151,0,458752
"./streams output 3 18 4194304 180",3.33,0.70,0:08.25,117,0,283,0,589888
"./streams output 3 22 4194304 180",4.04,0.86,0:10.32,117,0,127,0,720896
"./streams output 3 30 4194304 180",5.52,1.22,0:22.28,119,0,499,0,983280
"./streams output 3 1 4194304 256",0.19,0.03,0:00.30,115,0,2,0,32768
"./streams output 3 2 4194304 256",0.44,0.05,0:00.98,116,0,33,0,65536
"./streams output 3 4 4194304 256",0.67,0.19,0:01.58,113,0,62,0,131072
"./streams output 3 8 4194304 256",1.52,0.18,0:02.93,114,0,65,0,262144
"./streams output 3 10 4194304 256",1.80,0.33,0:04.74,114,0,140,0,327680
"./streams output 3 14 4194304 256",2.53,0.43,0:06.06,115,0,130,0,458752
"./streams output 3 18 4194304 256",3.23,0.58,0:08.45,115,0,217,0,589824
"./streams output 3 22 4194304 256",4.00,0.68,0:10.47,118,0,396,0,720896
"./streams output 3 30 4194304 256",5.40,0.99,0:22.22,119,0,549,0,983240
"./streams output 3 1 4194304 360",0.19,0.02,0:00.22,113,0,1,0,32768
"./streams output 3 2 4194304 360",0.45,0.03,0:00.83,114,0,33,0,65536
"./streams output 3 4 4194304 360",0.71,0.13,0:01.46,113,0,47,0,131072
"./streams output 3 8 4194304 360",1.46,0.22,0:03.08,114,0,67,0,262144
"./streams output 3 10 4194304 360",1.84,0.25,0:04.81,115,0,76,0,327680
"./streams output 3 14 4194304 360",2.50,0.44,0:06.14,119,0,85,0,458752
"./streams output 3 18 4194304 360",3.25,0.52,0:08.44,121,0,175,0,589824
"./streams output 3 22 4194304 360",3.95,0.68,0:10.59,122,0,451,0,720896
"./streams output 3 30 4194304 360",5.43,0.93,0:20.17,122,0,609,0,983288
"./streams output 3 1 4194304 512",0.20,0.01,0:01.11,113,0,2,0,32768
"./streams output 3 2 4194304 512",0.44,0.01,0:02.27,117,0,34,0,65536
"./streams output 3 4 4194304 512",0.73,0.08,0:01.48,117,0,55,0,131072
"./streams output 3 8 4194304 512",1.47,0.16,0:02.86,117,0,118,0,262144
"./streams output 3 10 4194304 512",1.77,0.26,0:03.68,117,0,144,0,327680
"./streams output 3 14 4194304 512",2.50,0.33,0:04.87,120,0,109,0,458752
"./streams output 3 18 4194304 512",3.27,0.38,0:06.57,121,0,110,0,589936
"./streams output 3 22 4194304 512",3.94,0.51,0:07.88,123,0,22,0,720896
"./streams output 3 30 4194304 512",5.55,0.64,0:14.81,128,0,266,0,983112
"./streams output 3 1 4194304 724",0.18,0.02,0:00.22,113,0,2,0,32768
"./streams output 3 2 4194304 724",0.40,0.05,0:01.77,117,0,32,0,65536
"./streams output 3 4 4194304 724",0.71,0.10,0:01.19,114,0,56,0,131072
"./streams output 3 8 4194304 724",1.45,0.17,0:02.52,118,0,8,0,262144
"./streams output 3 10 4194304 724",1.76,0.27,0:03.99,122,0,57,0,327680
"./streams output 3 14 4194304 724",2.52,0.37,0:05.02,123,0,205,0,458752
"./streams output 3 18 4194304 724",3.48,0.47,0:06.96,124,0,123,0,589824
"./streams output 3 22 4194304 724",3.94,0.58,0:08.34,131,0,267,0,720896
"./streams output 3 30 4194304 724",5.55,0.71,0:10.74,135,0,288,0,983256
"./streams output 3 1 4194304 1024",0.20,0.02,0:01.23,114,0,10,0,32768
"./streams output 3 2 4194304 1024",0.40,0.02,0:03.73,114,0,34,0,65536
"./streams output 3 4 4194304 1024",0.73,0.07,0:01.95,117,0,65,0,131072
"./streams output 3 8 4194304 1024",1.41,0.17,0:02.45,121,0,125,0,262144
"./streams output 3 10 4194304 1024",1.81,0.15,0:03.79,124,0,46,0,327680
"./streams output 3 14 4194304 1024",2.52,0.26,0:05.06,129,0,163,0,458752
"./streams output 3 18 4194304 1024",3.21,0.33,0:06.82,132,0,267,0,589824
"./streams output 3 22 4194304 1024",3.95,0.36,0:08.19,137,0,164,0,720896
"./streams output 3 30 4194304 1024",5.46,0.52,0:10.87,141,0,463,0,983040
"./streams output 3 1 4194304 1448",0.18,0.03,0:02.49,115,0,24,0,32768
"./streams output 3 2 4194304 1448",0.37,0.05,0:02.39,117,0,33,0,65536
"./streams output 3 4 4194304 1448",0.72,0.08,0:02.39,120,0,62,0,131072
"./streams output 3 8 4194304 1448",1.40,0.20,0:02.41,124,0,62,0,262144
"./streams output 3 10 4194304 1448",1.96,0.20,0:03.96,128,0,87,0,327680
"./streams output 3 14 4194304 1448",2.76,0.27,0:05.21,132,0,137,0,458752
"./streams output 3 18 4194304 1448",3.50,0.38,0:07.34,138,0,90,0,589824
"./streams output 3 22 4194304 1448",4.36,0.46,0:09.03,144,0,219,0,720896
"./streams output 3 30 4194304 1448",5.49,0.64,0:11.30,156,0,541,0,983240
"./streams output 3 1 4194304 2048",0.19,0.02,0:02.42,116,0,25,0,32768
"./streams output 3 2 4194304 2048",0.40,0.03,0:04.38,115,0,33,0,65536
"./streams output 3 4 4194304 2048",0.71,0.08,0:01.32,121,0,16,0,131072
"./streams output 3 8 4194304 2048",1.46,0.12,0:02.52,127,0,68,0,262144
"./streams output 3 10 4194304 2048",1.96,0.18,0:04.07,133,0,137,0,327680
"./streams output 3 14 4194304 2048",2.50,0.25,0:05.29,141,0,86,0,458752
"./streams output 3 18 4194304 2048",3.28,0.30,0:07.12,151,0,91,0,589824
"./streams output 3 22 4194304 2048",4.00,0.39,0:08.73,157,0,197,0,720896
"./streams output 3 30 4194304 2048",5.49,0.53,0:11.26,174,0,273,0,983040
"./streams output 3 1 4194304 2896",0.20,0.02,0:06.55,113,0,14,0,32768
"./streams output 3 2 4194304 2896",0.37,0.04,0:01.94,119,0,34,0,65536
"./streams output 3 4 4194304 2896",0.73,0.06,0:01.39,123,0,54,0,131072
"./streams output 3 8 4194304 2896",1.42,0.15,0:02.75,137,0,7,0,262144
"./streams output 3 10 4194304 2896",1.94,0.17,0:04.56,142,0,63,0,327680
"./streams output 3 14 4194304 2896",2.73,0.23,0:05.80,151,0,131,0,458752
"./streams output 3 18 4194304 2896",3.27,0.36,0:07.74,164,0,128,0,589968
"./streams output 3 22 4194304 2896",3.99,0.37,0:07.40,174,0,103,0,720896
"./streams output 3 30 4194304 2896",5.65,0.37,0:19.83,198,0,506,0,983288
"./streams output 3 1 4194304 4096",0.20,0.02,0:00.25,117,0,2,0,32768
"./streams output 3 2 4194304 4096",0.38,0.04,0:00.98,122,0,32,0,65536
"./streams output 3 4 4194304 4096",0.74,0.05,0:01.28,128,0,59,0,131072
"./streams output 3 8 4194304 4096",1.42,0.16,0:02.52,144,0,80,0,262144
"./streams output 3 10 4194304 4096",1.80,0.16,0:04.18,151,0,54,0,327680
"./streams output 3 14 4194304 4096",2.52,0.24,0:05.84,169,0,48,0,458752
"./streams output 3 18 4194304 4096",3.33,0.30,0:07.40,184,0,151,0,589824
"./streams output 3 22 4194304 4096",4.04,0.37,0:08.39,202,0,56,0,720896
"./streams output 3 30 4194304 4096",5.49,0.56,0:12.61,235,0,351,0,983040
"./streams output 3 1 4194304 5792",0.18,0.02,0:07.09,121,0,34,0,32768
"./streams output 3 2 4194304 5792",0.36,0.04,0:01.66,124,0,32,0,65536
"./streams output 3 4 4194304 5792",0.72,0.06,0:01.48,135,0,24,0,131072
"./streams output 3 8 4194304 5792",1.46,0.12,0:02.86,159,0,58,0,262144
"./streams output 3 10 4194304 5792",1.82,0.17,0:04.36,168,0,206,0,327680
"./streams output 3 14 4194304 5792",2.56,0.23,0:05.84,192,0,108,0,458752
"./streams output 3 18 4194304 5792",3.26,0.31,0:07.85,216,0,223,0,589968
"./streams output 3 22 4194304 5792",3.90,0.42,0:08.45,239,0,172,0,720896
"./streams output 3 30 4194304 5792",5.36,0.58,0:17.97,285,0,237,0,983280
"./streams output 3 1 4194304 8192",0.20,0.01,0:02.00,123,0,2,0,32768
"./streams output 3 2 4194304 8192",0.36,0.03,0:01.39,128,0,32,0,65536
"./streams output 3 4 4194304 8192",0.72,0.06,0:01.47,145,0,28,0,131072
"./streams output 3 8 4194304 8192",1.48,0.12,0:02.73,176,0,82,0,262144
"./streams output 3 10 4194304 8192",1.84,0.17,0:04.42,196,0,130,0,327680
"./streams output 3 14 4194304 8192",2.60,0.20,0:05.58,225,0,221,0,458752
"./streams output 3 18 4194304 8192",3.32,0.29,0:07.92,258,0,118,0,589824
"./streams output 3 22 4194304 8192",4.03,0.38,0:09.29,291,0,257,0,720896
"./streams output 3 30 4194304 8192",5.56,0.52,0:12.50,356,0,523,0,983040
"./streams output 3 1 4194304 11584",0.18,0.01,0:01.29,124,0,2,0,32768
"./streams output 3 2 4194304 11584",0.38,0.02,0:00.69,135,0,33,0,65536
"./streams output 3 4 4194304 11584",0.72,0.06,0:01.48,160,0,36,0,131072
"./streams output 3 8 4194304 11584",1.56,0.12,0:02.73,203,0,45,0,262144
"./streams output 3 10 4194304 11584",1.82,0.16,0:04.49,226,0,119,0,327680
"./streams output 3 14 4194304 11584",2.83,0.15,0:05.92,270,0,80,0,458752
"./streams output 3 18 4194304 11584",3.56,0.30,0:07.89,316,0,231,0,589968
"./streams output 3 22 4194304 11584",3.98,0.46,0:08.48,362,0,35,0,720896
"./streams output 3 30 4194304 11584",5.53,0.52,0:12.59,453,0,366,0,983264
"./streams output 3 1 4194304 16384",0.19,0.01,0:02.81,131,0,10,0,32768
"./streams output 3 2 4194304 16384",0.36,0.04,0:04.20,143,0,33,0,65536
"./streams output 3 4 4194304 16384",0.75,0.07,0:03.04,177,0,67,0,131072
"./streams output 3 8 4194304 16384",1.48,0.13,0:02.85,241,0,109,0,262144
"./streams output 3 10 4194304 16384",1.90,0.15,0:04.30,275,0,106,0,327680
"./streams output 3 14 4194304 16384",2.57,0.24,0:05.83,340,0,153,0,458752
"./streams output 3 18 4194304 16384",3.38,0.34,0:07.86,400,0,209,0,589824
"./streams output 3 22 4194304 16384",4.06,0.40,0:08.20,464,0,112,0,720896
"./streams output 3 30 4194304 16384",5.60,0.52,0:13.00,595,0,404,0,983040
"./streams output 3 1 4194304 23168",0.20,0.01,0:02.42,136,0,10,0,32768
"./streams output 3 2 4194304 23168",0.38,0.04,0:03.71,157,0,33,0,65536
"./streams output 3 4 4194304 23168",0.74,0.06,0:04.32,205,0,66,0,131072
"./streams output 3 8 4194304 23168",1.45,0.12,0:02.75,294,0,93,0,262144
"./streams output 3 10 4194304 23168",1.77,0.17,0:04.58,338,0,43,0,327680
"./streams output 3 14 4194304 23168",2.51,0.22,0:06.01,427,0,172,0,458752
"./streams output 3 18 4194304 23168",3.26,0.32,0:07.88,522,0,338,0,589968
"./streams output 3 22 4194304 23168",3.94,0.40,0:09.87,613,0,167,0,720896
"./streams output 3 30 4194304 23168",5.54,0.51,0:12.82,793,0,521,0,983264
"./streams output 3 1 4194304 32768",0.18,0.01,0:02.07,146,0,10,0,32768
"./streams output 3 2 4194304 32768",0.38,0.04,0:07.22,175,0,33,0,65536
"./streams output 3 4 4194304 32768",0.74,0.05,0:01.55,247,0,30,0,131072
"./streams output 3 8 4194304 32768",1.53,0.13,0:02.81,379,0,33,0,262144
"./streams output 3 10 4194304 32768",1.98,0.16,0:04.68,442,0,171,0,327680
"./streams output 3 14 4194304 32768",2.75,0.24,0:06.06,572,0,127,0,458752
"./streams output 3 18 4194304 32768",3.50,0.35,0:08.37,708,0,222,0,589824
"./streams output 3 22 4194304 32768",4.54,0.42,0:10.56,840,0,411,0,720896
"./streams output 3 30 4194304 32768",7.67,0.50,0:15.34,1102,0,281,0,983040
"./streams output 4 1 4194304 1",0.19,0.03,0:01.75,4209,1,11,0,32776
"./streams output 4 2 4194304 1",0.37,0.08,0:03.54,8302,2,17,0,65552
"./streams output 4 4 4194304 1",0.78,0.12,0:02.54,16492,4,64,0,131104
"./streams output 4 8 4194304 1",1.51,0.27,0:03.03,32873,8,115,0,262208
"./streams output 4 10 4194304 1",1.90,0.35,0:04.67,41063,10,102,0,327760
"./streams output 4 14 4194304 1",2.85,0.42,0:06.26,57442,14,59,0,458864
"./streams output 4 18 4194304 1",3.46,0.58,0:08.19,73852,18,221,0,590248
"./streams output 4 22 4194304 1",4.21,0.78,0:09.07,90203,22,304,0,721072
"./streams output 4 30 4194304 1",5.76,0.99,0:13.29,122977,30,346,0,983624
"./streams output 4 1 4194304 2",0.19,0.03,0:02.47,2161,2048,11,0,32776
"./streams output 4 2 4194304 2",0.40,0.05,0:04.61,4208,4096,35,0,65552
"./streams output 4 4 4194304 2",0.82,0.08,0:02.69,8307,8192,65,0,131104
"./streams output 4 8 4194304 2",1.54,0.20,0:02.82,16497,16384,107,0,262208
"./streams output 4 10 4194304 2",1.90,0.27,0:04.56,20593,20480,111,0,327760
"./streams output 4 14 4194304 2",2.64,0.39,0:05.97,28784,28672,76,0,458864
"./streams output 4 18 4194304 2",3.45,0.48,0:08.05,36998,36864,231,0,590256
"./streams output 4 22 4194304 2",4.28,0.52,0:09.01,45170,45056,60,0,721072
"./streams output 4 30 4194304 2",5.92,0.63,0:19.98,61575,61440,467,0,983680
"./streams output 4 1 4194304 4",0.19,0.02,0:00.22,3183,1024,1,0,32776
"./streams output 4 2 4194304 4",0.39,0.04,0:02.54,6260,2048,33,0,65552
"./streams output 4 4 4194304 4",0.76,0.08,0:01.30,12400,4096,29,0,131104
"./streams output 4 8 4194304 4",1.56,0.14,0:02.98,24692,8192,24,0,262208
"./streams output 4 10 4194304 4",1.92,0.18,0:04.54,30832,10240,29,0,327760
"./streams output 4 14 4194304 4",2.74,0.28,0:06.15,43123,14336,108,0,458864
"./streams output 4 18 4194304 4",3.43,0.39,0:08.22,55412,18432,94,0,590040
"./streams output 4 22 4194304 4",4.16,0.50,0:10.10,67696,22528,246,0,721072
"./streams output 4 30 4194304 4",5.76,0.66,0:12.99,92300,30720,444,0,983744
"./streams output 4 1 4194304 8",0.20,0.02,0:06.98,3697,512,12,0,32776
"./streams output 4 2 4194304 8",0.38,0.05,0:02.20,7283,1024,31,0,65552
"./streams output 4 4 4194304 8",0.74,0.09,0:01.39,14451,2048,14,0,131104
"./streams output 4 8 4194304 8",1.56,0.12,0:02.75,28787,4096,111,0,262208
"./streams output 4 10 4194304 8",1.86,0.25,0:04.50,35952,5120,129,0,327760
"./streams output 4 14 4194304 8",2.72,0.30,0:05.91,50290,7168,139,0,458864
"./streams output 4 18 4194304 8",3.44,0.35,0:07.92,64635,9216,376,0,590112
"./streams output 4 22 4194304 8",4.18,0.45,0:09.47,78960,11264,382,0,721072
"./streams output 4 30 4194304 8",5.72,0.61,0:12.84,107657,15360,447,0,983672
"./streams output 4 1 4194304 16",0.20,0.01,0:05.31,3953,256,12,0,32776
"./streams output 4 2 4194304 16",0.39,0.03,0:02.91,7794,512,35,0,65552
"./streams output 4 4 4194304 16",0.78,0.06,0:02.15,15477,1024,66,0,131104
"./streams output 4 8 4194304 16",1.52,0.16,0:02.88,30837,2048,121,0,262208
"./streams output 4 10 4194304 16",1.94,0.16,0:04.57,38513,2560,136,0,327760
"./streams output 4 14 4194304 16",2.68,0.22,0:06.05,53874,3584,50,0,458864
"./streams output 4 18 4194304 16",3.38,0.38,0:07.92,69250,4608,289,0,590224
"./streams output 4 22 4194304 16",4.40,0.38,0:10.07,84593,5632,270,0,721072
"./streams output 4 30 4194304 16",5.80,0.50,0:13.08,115340,7680,420,0,983712
"./streams output 4 1 4194304 32",0.21,0.01,0:03.29,4082,128,12,0,32776
"./streams output 4 2 4194304 32",0.37,0.06,0:04.74,8051,256,35,0,65552
"./streams output 4 4 4194304 32",0.76,0.08,0:02.73,15985,512,65,0,131104
"./streams output 4 8 4194304 32",1.48,0.18,0:02.95,31857,1024,65,0,262208
"./streams output 4 10 4194304 32",1.99,0.18,0:04.67,39792,1280,128,0,327760
"./streams output 4 14 4194304 32",2.81,0.22,0:06.18,55665,1792,134,0,458864
"./streams output 4 18 4194304 32",3.40,0.35,0:08.25,71539,2304,229,0,589968
"./streams output 4 22 4194304 32",4.21,0.38,0:10.01,87411,2816,170,0,721072
"./streams output 4 30 4194304 32",5.84,0.47,0:19.12,119189,3840,317,0,983840
"./streams output 4 1 4194304 64",0.20,0.01,0:00.33,4145,64,2,0,32776
"./streams output 4 2 4194304 64",0.39,0.03,0:01.95,8176,128,33,0,65552
"./streams output 4 4 4194304 64",0.76,0.06,0:01.41,16241,256,35,0,131104
"./streams output 4 8 4194304 64",1.51,0.15,0:02.94,32368,512,46,0,262208
"./streams output 4 10 4194304 64",1.90,0.17,0:04.34,40433,640,56,0,327760
"./streams output 4 14 4194304 64",2.68,0.27,0:05.76,56569,896,227,0,458872
"./streams output 4 18 4194304 64",3.47,0.35,0:07.63,72697,1152,264,0,590136
"./streams output 4 22 4194304 64",4.19,0.48,0:09.09,88820,1408,85,0,721136
"./streams output 4 30 4194304 64",5.94,0.50,0:19.79,121102,1920,205,0,983752
"./streams output 4 1 4194304 128",0.21,0.02,0:00.26,4178,32,2,0,32776
"./streams output 4 2 4194304 128",0.39,0.04,0:02.28,8243,64,32,0,65552
"./streams output 4 4 4194304 128",0.77,0.06,0:01.27,16371,128,23,0,131104
"./streams output 4 8 4194304 128",1.52,0.14,0:02.84,32627,256,119,0,262208
"./streams output 4 10 4194304 128",1.90,0.20,0:04.60,40752,320,117,0,327760
"./streams output 4 14 4194304 128",2.95,0.27,0:06.23,57008,448,168,0,458864
"./streams output 4 18 4194304 128",3.46,0.39,0:08.06,73273,576,265,0,590016
"./streams output 4 22 4194304 128",4.26,0.46,0:10.44,89522,704,85,0,721096
"./streams output 4 30 4194304 128",6.04,0.52,0:20.23,122060,960,412,0,983688
"./streams output 4 1 4194304 256",0.20,0.01,0:00.22,4192,16,2,0,32776
"./streams output 4 2 4194304 256",0.40,0.02,0:02.19,8272,32,32,0,65552
"./streams output 4 4 4194304 256",0.76,0.06,0:01.40,16435,64,12,0,131104
"./streams output 4 8 4194304 256",1.53,0.14,0:02.88,32752,128,75,0,262208
"./streams output 4 10 4194304 256",2.00,0.19,0:04.77,40913,160,58,0,327760
"./streams output 4 14 4194304 256",2.82,0.24,0:06.11,57233,224,115,0,458864
"./streams output 4 18 4194304 256",3.66,0.30,0:08.14,73554,288,280,0,590024
"./streams output 4 22 4194304 256",4.43,0.45,0:10.42,89873,352,147,0,721152
"./streams output 4 30 4194304 256",6.22,0.45,0:13.39,122537,480,209,0,983648
"./streams output 4 1 4194304 512",0.21,0.01,0:01.95,4200,8,11,0,32776
"./streams output 4 2 4194304 512",0.39,0.04,0:03.99,8291,16,35,0,65552
"./streams output 4 4 4194304 512",0.79,0.06,0:03.50,16468,32,62,0,131104
"./streams output 4 8 4194304 512",1.50,0.17,0:02.91,32818,64,113,0,262208
"./streams output 4 10 4194304 512",1.98,0.19,0:04.57,40993,80,179,0,327760
"./streams output 4 14 4194304 512",2.79,0.25,0:05.89,57345,112,217,0,458864
"./streams output 4 18 4194304 512",3.73,0.31,0:08.21,73714,144,298,0,590256
"./streams output 4 22 4194304 512",4.44,0.41,0:08.84,90049,176,51,0,721072
"./streams output 4 30 4194304 512",6.36,0.50,0:20.25,122777,240,384,0,983664
"./streams output 4 1 4194304 1024",0.20,0.01,0:00.25,4205,4,2,0,32776
"./streams output 4 2 4194304 1024",0.40,0.04,0:01.87,8297,8,33,0,65552
"./streams output 4 4 4194304 1024",0.76,0.07,0:01.56,16481,16,49,0,131104
"./streams output 4 8 4194304 1024",1.52,0.15,0:02.84,32848,32,82,0,262208
"./streams output 4 10 4194304 1024",1.96,0.20,0:04.50,41034,40,186,0,327760
"./streams output 4 14 4194304 1024",2.77,0.27,0:06.27,57401,56,175,0,458864
"./streams output 4 18 4194304 1024",3.59,0.32,0:08.35,73768,72,86,0,589976
"./streams output 4 22 4194304 1024",4.44,0.43,0:10.48,90138,88,410,0,721072
"./streams output 4 30 4194304 1024",6.40,0.52,0:19.15,122901,120,598,0,983512
"./streams input 4 1 1",0.07,0.01,0:00.86,4209,4,141,34472,0
"./streams input 4 2 1",0.12,0.02,0:01.90,8304,5,177,66704,0
"./streams input 4 4 1",0.26,0.04,0:03.40,16492,7,231,132768,0
"./streams input 4 8 1",0.44,0.10,0:05.87,32870,11,318,263840,0
"./streams input 4 10 1",0.60,0.12,0:06.53,41063,13,350,329384,0
"./streams input 4 1 1",0.06,0.01,0:00.61,4207,4,143,34664,0
"./streams input 4 8 1",0.44,0.10,0:05.58,32872,11,368,263480,0
"./streams input 4 15 1",0.92,0.19,0:14.76,61537,18,382,493216,0
"./streams input 4 22 1",1.37,0.33,0:24.25,90202,25,434,722592,0
"./streams input 4 30 1",2.45,0.35,0:31.93,122960,33,473,984744,0
"./streams input 4 1 2",0.06,0.02,0:01.04,2158,4,140,34472,0
"./streams input 4 8 2",0.50,0.06,0:05.32,16490,11,342,263832,0
"./streams input 4 15 2",0.97,0.14,0:13.53,30817,18,375,493224,0
"./streams input 4 22 2",1.38,0.25,0:24.58,45147,25,439,722568,0
"./streams input 4 30 2",2.50,0.30,0:31.17,61521,33,485,984744,0
"./streams input 4 1 4",0.06,0.01,0:01.14,1136,4,139,34464,0
"./streams input 4 8 4",0.50,0.06,0:06.24,8302,11,327,263832,0
"./streams input 4 15 4",0.91,0.12,0:14.22,15458,18,354,493224,0
"./streams input 4 22 4",1.59,0.18,0:24.27,22619,25,406,722592,0
"./streams input 4 30 4",2.78,0.20,0:34.20,30804,33,498,984744,0
"./streams input 4 1 8",0.07,0.00,0:00.77,627,4,142,34472,0
"./streams input 4 8 8",0.42,0.08,0:05.45,4202,10,323,263680,0
"./streams input 4 15 8",0.98,0.13,0:13.99,7781,18,391,493216,0
"./streams input 4 22 8",1.53,0.10,0:25.15,11354,25,433,722576,0
"./streams input 4 30 8",2.58,0.22,0:31.35,15957,32,462,984320,0
"./streams input 4 1 16",0.06,0.01,0:01.10,369,4,139,34472,0
"./streams input 4 8 16",0.50,0.05,0:04.74,2161,11,294,263840,0
"./streams input 4 15 16",0.94,0.10,0:13.90,3955,18,379,493208,0
"./streams input 4 22 16",1.45,0.18,0:24.30,6002,25,434,722600,0
"./streams input 4 30 16",2.74,0.18,0:31.03,8050,33,446,984744,0
"./streams input 4 1 32",0.08,0.00,0:01.14,495,4,141,34472,0
"./streams input 4 8 32",0.48,0.06,0:06.73,2292,11,341,263840,0
"./streams input 4 15 32",0.95,0.10,0:13.78,5874,18,408,493224,0
"./streams input 4 22 32",1.52,0.13,0:24.94,8417,25,438,722592,0
"./streams input 4 30 32",2.46,0.18,0:32.69,11633,33,492,984736,0
"./streams input 4 1 64",0.06,0.00,0:01.50,497,4,137,34472,0
"./streams input 4 8 64",0.49,0.04,0:05.08,3186,11,323,263840,0
"./streams input 4 15 64",0.92,0.09,0:14.47,5871,18,424,493200,0
"./streams input 4 22 64",1.50,0.10,0:25.44,8562,25,464,722592,0
"./streams input 4 30 64",2.51,0.16,0:32.82,11634,33,483,984736,0
"./streams input 4 1 128",0.08,0.00,0:00.85,499,4,139,34464,0
"./streams input 4 8 128",0.45,0.05,0:06.84,3185,11,341,263808,0
"./streams input 4 15 128",0.96,0.10,0:16.15,5871,18,381,493216,0
"./streams input 4 22 128",1.51,0.12,0:24.99,8559,25,437,722600,0
"./streams input 4 30 128",2.59,0.21,0:31.09,11634,32,438,984600,0
"./streams input 4 1 256",0.06,0.01,0:01.44,497,4,138,34472,0
"./streams input 4 8 256",0.52,0.06,0:06.67,3185,11,344,263832,0
"./streams input 4 15 256",1.03,0.08,0:28.90,5874,18,404,493224,0
"./streams input 4 22 256",1.62,0.15,0:25.11,8561,25,425,722600,0
"./streams input 4 30 256",2.94,0.21,0:33.05,11632,33,481,984744,0
"./streams input 4 1 1",0.06,0.01,0:00.73,4206,4,145,34680,0
"./streams input 4 2 1",0.14,0.02,0:00.98,8303,5,172,66584,0
"./streams input 4 15 1",0.93,0.21,0:14.60,61536,18,367,493216,0
"./streams input 4 30 1",2.52,0.36,0:33.54,122966,32,501,984320,0
"./streams input 4 1 2",0.05,0.03,0:01.27,2162,4,139,34472,0
"./streams input 4 2 2",0.14,0.02,0:02.20,4209,5,176,67232,0
"./streams input 4 15 2",0.93,0.15,0:12.99,30816,18,350,493216,0
"./streams input 4 30 2",2.56,0.30,0:32.36,61522,33,493,984728,0
"./streams input 4 1 4",0.07,0.00,0:00.93,1138,4,139,34464,0
"./streams input 4 2 4",0.13,0.02,0:02.76,2163,5,170,67224,0
"./streams input 4 15 4",0.92,0.12,0:14.60,15459,18,395,493224,0
"./streams input 4 30 4",2.73,0.20,0:31.43,30801,33,441,984744,0
"./streams input 4 1 8",0.08,0.01,0:01.29,624,4,137,34464,0
"./streams input 4 2 8",0.12,0.02,0:01.43,1134,5,169,67224,0
"./streams input 4 15 8",0.93,0.16,0:15.15,7778,18,383,493216,0
"./streams input 4 30 8",2.60,0.21,0:32.32,15955,33,499,984744,0
"./streams input 4 1 16",0.08,0.00,0:01.47,369,4,139,34472,0
"./streams input 4 2 16",0.13,0.00,0:02.58,630,5,179,67232,0
"./streams input 4 15 16",0.91,0.14,0:15.25,4208,18,356,493216,0
"./streams input 4 30 16",2.56,0.16,0:31.97,8047,33,461,984744,0
"./streams input 4 1 32",0.07,0.00,0:01.18,496,4,138,34464,0
"./streams input 4 2 32",0.13,0.02,0:01.71,885,5,172,67224,0
"./streams input 4 15 32",1.02,0.10,0:14.82,4084,18,380,493192,0
"./streams input 4 30 32",2.85,0.15,0:31.96,11634,33,475,984744,0
"./streams input 4 1 64",0.07,0.00,0:01.19,498,3,135,34048,0
"./streams input 4 2 64",0.12,0.01,0:02.34,882,5,180,67232,0
"./streams input 4 15 64",0.98,0.11,0:13.18,5874,18,398,493224,0
"./streams input 4 30 64",2.93,0.19,0:33.07,11632,33,454,984736,0
"./streams input 4 1 128",0.08,0.00,0:01.10,498,4,141,34472,0
"./streams input 4 2 128",0.14,0.01,0:02.65,882,5,171,67240,0
"./streams input 4 15 128",1.02,0.09,0:14.35,5872,18,380,493208,0
"./streams input 4 30 128",2.84,0.20,0:33.41,11632,33,482,984736,0
"./streams input 4 1 256",0.07,0.00,0:00.90,496,4,140,34472,0
"./streams input 4 2 256",0.15,0.01,0:02.00,879,5,166,67216,0
"./streams input 4 15 256",1.05,0.10,0:15.92,5874,18,368,493224,0
"./streams input 4 30 256",2.39,0.18,0:33.70,11632,33,469,984744,0
"./streams input 4 1 1",0.06,0.02,0:00.74,4206,4,142,34472,0
"./streams input 4 2 1",0.12,0.02,0:02.12,8303,5,169,67224,0
"./streams input 4 15 1",0.99,0.16,0:13.46,61536,18,376,493208,0
"./streams input 4 30 1",2.26,0.40,0:32.22,122962,33,457,984736,0
"./streams input 4 1 2",0.07,0.00,0:00.77,2160,4,139,34448,0
"./streams input 4 2 2",0.12,0.02,0:01.62,4208,5,183,67216,0
"./streams input 4 15 2",1.02,0.11,0:15.80,30817,18,353,493224,0
"./streams input 4 30 2",2.19,0.26,0:31.02,61524,33,491,984744,0
"./streams input 4 1 4",0.07,0.01,0:01.32,1138,4,140,34472,0
"./streams input 4 2 4",0.16,0.00,0:02.13,2162,5,161,67232,0
"./streams input 4 15 4",0.91,0.10,0:15.84,15459,18,407,493216,0
"./streams input 4 30 4",2.18,0.23,0:31.44,30804,33,451,984744,0
"./streams input 4 1 8",0.08,0.00,0:01.05,622,4,140,34472,0
"./streams input 4 2 8",0.15,0.00,0:02.35,1139,5,162,66816,0
"./streams input 4 15 8",0.93,0.15,0:14.20,8290,18,382,493208,0
"./streams input 4 30 8",2.46,0.23,0:32.79,15444,33,473,984736,0
"./streams input 4 1 16",0.06,0.00,0:01.57,370,4,137,34472,0
"./streams input 4 2 16",0.13,0.01,0:02.42,627,5,189,67216,0
"./streams input 4 15 16",0.94,0.12,0:13.76,4212,18,374,493216,0
"./streams input 4 30 16",2.50,0.26,0:44.67,8050,33,550,984744,0
"./streams input 4 1 32",0.08,0.00,0:01.73,495,4,138,34472,0
"./streams input 4 2 32",0.15,0.00,0:02.23,886,5,194,67232,0
"./streams input 4 15 32",0.95,0.08,0:23.11,5874,18,400,493216,0
"./streams input 4 30 32",3.34,0.19,0:33.21,11631,33,459,984744,0
"./streams input 4 1 64",0.08,0.00,0:00.99,494,4,140,34464,0
"./streams input 4 2 64",0.11,0.02,0:02.20,884,5,178,67224,0
"./streams input 4 15 64",0.97,0.13,0:14.80,5874,18,378,493224,0
"./streams input 4 30 64",3.01,0.25,0:33.19,11632,33,492,984744,0
"./streams input 4 1 128",0.06,0.02,0:00.83,497,4,141,34472,0
"./streams input 4 2 128",0.13,0.01,0:01.86,883,5,179,67224,0
"./streams input 4 15 128",1.00,0.12,0:15.01,5872,18,389,493200,0
"./streams input 4 30 128",3.14,0.14,0:32.29,11632,33,498,984736,0
"./streams input 4 1 256",0.08,0.00,0:01.51,495,4,138,34472,0
"./streams input 4 2 256",0.12,0.01,0:02.15,881,4,178,66816,0
"./streams input 4 15 256",0.90,0.10,0:12.86,5747,18,376,493216,0
"./streams input 4 30 256",3.10,0.20,0:32.99,11632,33,480,984736,0
"./streams output 4 1 4194304 32",0.19,0.02,0:00.54,4080,131,18,1720,32776
"./streams output 4 2 4194304 32",0.42,0.04,0:00.70,8048,256,20,8,65552
"./streams output 4 4 4194304 32",0.82,0.09,0:01.79,15985,512,52,16,131104
"./streams output 4 8 4194304 32",1.78,0.21,0:03.99,31858,1024,107,24,262208
"./streams output 4 10 4194304 32",1.99,0.14,0:04.19,39793,1280,127,16,327760
"./streams output 4 14 4194304 32",2.70,0.29,0:06.81,55664,1792,237,16,458864
"./streams output 4 15 4194304 32",3.12,0.28,0:06.04,59634,1920,227,16,491640
"./streams output 4 18 4194304 32",4.19,0.44,0:08.35,71537,2304,233,24,589968
"./streams output 4 22 4194304 32",4.27,0.40,0:08.48,87452,2816,211,0,721592
"./streams output 4 30 4194304 32",6.23,0.47,0:11.00,119188,3840,49,8,983824
"./streams output 4 1 4194304 32",0.21,0.01,0:02.34,4080,128,18,0,32776
"./streams output 4 2 4194304 32",0.38,0.05,0:03.20,8049,256,36,8,65552
"./streams output 4 4 4194304 32",0.77,0.07,0:01.81,15985,512,29,0,131104
"./streams output 4 8 4194304 32",1.52,0.17,0:02.45,31857,1024,111,0,262208
"./streams output 4 10 4194304 32",1.94,0.16,0:03.97,39794,1280,193,8,327760
"./streams output 4 14 4194304 32",2.85,0.28,0:05.46,55664,1792,225,56,458864
"./streams output 4 15 4194304 32",3.02,0.29,0:06.30,59645,1920,113,16,491640
"./streams output 4 18 4194304 32",3.61,0.36,0:07.89,71565,2304,321,0,590392
"./streams output 4 22 4194304 32",4.43,0.38,0:08.19,87428,2816,79,0,721344
"./streams output 4 30 4194304 32",6.47,0.62,0:10.95,119192,3840,35,0,983824
"./streams output 3 1 4194304 1024",0.20,0.02,0:01.20,114,0,14,0,32768
"./streams output 3 2 4194304 1024",0.38,0.02,0:02.39,116,0,33,0,65536
"./streams output 3 4 4194304 1024",0.75,0.06,0:01.32,115,0,61,0,131072
"./streams output 3 8 4194304 1024",1.49,0.14,0:02.92,121,0,121,8,262144
"./streams output 3 10 4194304 1024",1.87,0.20,0:03.62,123,0,118,8,327680
"./streams output 3 14 4194304 1024",2.78,0.24,0:05.67,126,0,155,32,458752
"./streams output 3 15 4194304 1024",2.82,0.28,0:07.51,131,0,87,8,491520
"./streams output 3 18 4194304 1024",3.27,0.35,0:06.73,130,0,130,32,589824
"./streams output 3 22 4194304 1024",4.09,0.43,0:09.17,134,0,169,40,720896
"./streams output 3 30 4194304 1024",5.60,0.54,0:10.01,144,0,230,0,983040
"./streams output 4 1 4194304 32",0.18,0.04,0:00.69,4080,131,31,1824,32776
"./streams output 4 2 4194304 32",0.39,0.03,0:00.50,8052,256,13,0,65552
"./streams output 4 2 4194304 32",0.40,0.02,0:01.29,8050,256,46,16,65552
"./streams output 4 4 4194304 32",0.77,0.07,0:01.81,15984,512,48,0,131104
"./streams output 4 8 4194304 32",1.66,0.12,0:03.55,31858,1024,111,16,262208
"./streams output 4 10 4194304 32",2.02,0.18,0:05.16,39793,1280,130,24,327760
"./streams output 4 14 4194304 32",2.70,0.24,0:05.33,55668,1792,198,16,458864
"./streams output 4 15 4194304 32",3.00,0.20,0:09.20,59642,1920,139,8,491768
"./streams output 4 15 4194304 32",2.93,0.30,0:05.56,59641,1920,147,8,491760
"./streams output 4 15 4194304 32",2.98,0.29,0:07.45,59644,1920,193,32,491784
"./streams output 4 15 4194304 32",2.90,0.28,0:05.55,59648,1920,168,0,491840
"./streams output 4 18 4194304 32",3.63,0.32,0:10.04,71549,2304,134,64,590192
"./streams output 4 22 4194304 32",4.31,0.42,0:08.46,87422,2816,114,72,721280
"./streams output 4 30 4194304 32",5.96,0.62,0:12.49,119207,3840,237,32,983800
"./streams output 3 1 4194304 1024",0.18,0.01,0:00.52,112,0,13,8,32768
"./streams output 3 2 4194304 1024",0.41,0.02,0:02.90,114,0,35,16,65536
"./streams output 3 2 4194304 1024",0.38,0.04,0:02.30,116,0,67,24,65536
"./streams output 3 4 4194304 1024",0.75,0.08,0:01.54,117,0,39,16,131072
"./streams output 3 8 4194304 1024",1.46,0.20,0:02.78,124,0,54,8,262144
"./streams output 3 10 4194304 1024",1.83,0.26,0:04.92,123,0,141,32,327680
"./streams output 3 14 4194304 1024",2.73,0.25,0:06.18,126,0,145,72,458752
"./streams output 3 15 4194304 1024",2.78,0.30,0:06.64,131,0,136,144,491520
"./streams output 3 15 4194304 1024",2.84,0.25,0:09.73,128,0,428,8,491520
"./streams output 3 15 4194304 1024",2.76,0.29,0:08.30,127,0,48,24,491520
"./streams output 3 15 4194304 1024",2.81,0.29,0:05.21,130,0,85,8,491520
"./streams output 3 18 4194304 1024",3.28,0.35,0:07.65,130,0,312,16,589824
"./streams output 3 22 4194304 1024",4.34,0.48,0:09.11,137,0,213,8,720896
"./streams output 3 30 4194304 1024",6.59,0.69,0:14.13,144,0,143,8,983040
"./streams output 4 2 4194304 32",0.39,0.02,0:00.76,8050,259,18,1720,65552
"./streams output 4 2 4194304 32",0.39,0.04,0:01.03,8048,256,23,0,65552
"./streams output 4 4 4194304 32",0.82,0.06,0:02.76,15985,512,58,8,131104
"./streams output 4 8 4194304 32",1.59,0.12,0:04.27,31859,1024,108,32,262208
"./streams output 4 10 4194304 32",1.92,0.20,0:04.32,39792,1280,148,40,327760
"./streams output 4 15 4194304 32",2.96,0.27,0:06.57,59639,1920,266,48,491736
"./streams output 4 15 4194304 32",3.03,0.29,0:06.21,59640,1920,197,0,491776
"./streams output 4 15 4194304 32",3.02,0.28,0:07.63,59646,1920,217,8,491832
"./streams output 4 15 4194304 32",2.92,0.25,0:05.09,59640,1920,101,16,491720
"./streams output 3 2 4194304 1024",0.40,0.03,0:00.99,117,0,56,0,65536
"./streams output 3 2 4194304 1024",0.38,0.05,0:02.30,114,0,64,0,65536
"./streams output 3 4 4194304 1024",0.86,0.06,0:01.71,117,0,65,8,131072
"./streams output 3 8 4194304 1024",1.44,0.16,0:02.76,118,0,73,8,262144
"./streams output 3 10 4194304 1024",1.83,0.17,0:04.04,123,0,160,8,327680
"./streams output 3 15 4194304 1024",2.72,0.25,0:05.93,128,0,215,24,491520
"./streams output 3 15 4194304 1024",2.70,0.32,0:07.08,127,0,237,32,491520
"./streams output 3 15 4194304 1024",2.78,0.25,0:05.57,128,0,100,8,491520
"./streams output 3 15 4194304 1024",2.70,0.26,0:05.89,128,0,75,8,491520
